,Year,Project ID,Credits Remaining
0,1996.0,VCS10,0
1,1997.0,VCS10,0
2,1998.0,VCS10,0
3,1999.0,VCS10,0
4,2000.0,VCS10,0
5,2001.0,VCS10,0
6,2002.0,VCS10,0
7,2003.0,VCS10,0
8,2004.0,VCS10,0
9,2005.0,VCS10,0
10,2006.0,VCS10,136467
11,2007.0,VCS10,350000
12,2008.0,VCS10,111187
13,2009.0,VCS10,3176
14,2010.0,VCS10,190234
15,2011.0,VCS10,5496
16,2012.0,VCS10,318849
17,2013.0,VCS10,366180
18,2014.0,VCS10,1061921
19,2015.0,VCS10,380532
20,2016.0,VCS10,0
21,2017.0,VCS10,0
22,2018.0,VCS10,0
23,2019.0,VCS10,0
24,2020.0,VCS10,0
25,2021.0,VCS10,0
26,2022.0,VCS10,0
27,1996.0,VCS1002,0
28,1997.0,VCS1002,0
29,1998.0,VCS1002,0
30,1999.0,VCS1002,0
31,2000.0,VCS1002,0
32,2001.0,VCS1002,0
33,2002.0,VCS1002,0
34,2003.0,VCS1002,0
35,2004.0,VCS1002,0
36,2005.0,VCS1002,0
37,2006.0,VCS1002,0
38,2007.0,VCS1002,0
39,2008.0,VCS1002,0
40,2009.0,VCS1002,5162
41,2010.0,VCS1002,212645
42,2011.0,VCS1002,159077
43,2012.0,VCS1002,0
44,2013.0,VCS1002,0
45,2014.0,VCS1002,0
46,2015.0,VCS1002,0
47,2016.0,VCS1002,0
48,2017.0,VCS1002,0
49,2018.0,VCS1002,0
50,2019.0,VCS1002,0
51,2020.0,VCS1002,0
52,2021.0,VCS1002,0
53,2022.0,VCS1002,0
54,1996.0,VCS1052,0
55,1997.0,VCS1052,0
56,1998.0,VCS1052,0
57,1999.0,VCS1052,0
58,2000.0,VCS1052,0
59,2001.0,VCS1052,0
60,2002.0,VCS1052,0
61,2003.0,VCS1052,0
62,2004.0,VCS1052,0
63,2005.0,VCS1052,0
64,2006.0,VCS1052,0
65,2007.0,VCS1052,0
66,2008.0,VCS1052,0
67,2009.0,VCS1052,0
68,2010.0,VCS1052,0
69,2011.0,VCS1052,0
70,2012.0,VCS1052,13
71,2013.0,VCS1052,0
72,2014.0,VCS1052,0
73,2015.0,VCS1052,0
74,2016.0,VCS1052,0
75,2017.0,VCS1052,0
76,2018.0,VCS1052,0
77,2019.0,VCS1052,0
78,2020.0,VCS1052,0
79,2021.0,VCS1052,0
80,2022.0,VCS1052,0
81,1996.0,VCS1100,0
82,1997.0,VCS1100,0
83,1998.0,VCS1100,0
84,1999.0,VCS1100,0
85,2000.0,VCS1100,0
86,2001.0,VCS1100,0
87,2002.0,VCS1100,0
88,2003.0,VCS1100,0
89,2004.0,VCS1100,0
90,2005.0,VCS1100,0
91,2006.0,VCS1100,0
92,2007.0,VCS1100,0
93,2008.0,VCS1100,0
94,2009.0,VCS1100,0
95,2010.0,VCS1100,0
96,2011.0,VCS1100,0
97,2012.0,VCS1100,667926
98,2013.0,VCS1100,0
99,2014.0,VCS1100,218965
100,2015.0,VCS1100,572720
101,2016.0,VCS1100,353741
102,2017.0,VCS1100,380281
103,2018.0,VCS1100,439976
104,2019.0,VCS1100,609312
105,2020.0,VCS1100,502516
106,2021.0,VCS1100,0
107,2022.0,VCS1100,0
108,1996.0,VCS1121,0
109,1997.0,VCS1121,0
110,1998.0,VCS1121,0
111,1999.0,VCS1121,0
112,2000.0,VCS1121,0
113,2001.0,VCS1121,0
114,2002.0,VCS1121,0
115,2003.0,VCS1121,0
116,2004.0,VCS1121,0
117,2005.0,VCS1121,0
118,2006.0,VCS1121,0
119,2007.0,VCS1121,0
120,2008.0,VCS1121,0
121,2009.0,VCS1121,0
122,2010.0,VCS1121,0
123,2011.0,VCS1121,87056
124,2012.0,VCS1121,27634
125,2013.0,VCS1121,0
126,2014.0,VCS1121,0
127,2015.0,VCS1121,82
128,2016.0,VCS1121,40000
129,2017.0,VCS1121,0
130,2018.0,VCS1121,15000
131,2019.0,VCS1121,110958
132,2020.0,VCS1121,22679
133,2021.0,VCS1121,0
134,2022.0,VCS1121,0
135,1996.0,VCS1146,0
136,1997.0,VCS1146,0
137,1998.0,VCS1146,0
138,1999.0,VCS1146,0
139,2000.0,VCS1146,0
140,2001.0,VCS1146,0
141,2002.0,VCS1146,0
142,2003.0,VCS1146,0
143,2004.0,VCS1146,0
144,2005.0,VCS1146,0
145,2006.0,VCS1146,0
146,2007.0,VCS1146,0
147,2008.0,VCS1146,0
148,2009.0,VCS1146,0
149,2010.0,VCS1146,0
150,2011.0,VCS1146,0
151,2012.0,VCS1146,0
152,2013.0,VCS1146,21458
153,2014.0,VCS1146,1024587
154,2015.0,VCS1146,734866
155,2016.0,VCS1146,39757
156,2017.0,VCS1146,1227471
157,2018.0,VCS1146,0
158,2019.0,VCS1146,0
159,2020.0,VCS1146,0
160,2021.0,VCS1146,0
161,2022.0,VCS1146,0
162,1996.0,VCS1160,0
163,1997.0,VCS1160,0
164,1998.0,VCS1160,0
165,1999.0,VCS1160,0
166,2000.0,VCS1160,0
167,2001.0,VCS1160,0
168,2002.0,VCS1160,0
169,2003.0,VCS1160,0
170,2004.0,VCS1160,0
171,2005.0,VCS1160,0
172,2006.0,VCS1160,0
173,2007.0,VCS1160,0
174,2008.0,VCS1160,0
175,2009.0,VCS1160,21654
176,2010.0,VCS1160,30409
177,2011.0,VCS1160,9353
178,2012.0,VCS1160,0
179,2013.0,VCS1160,0
180,2014.0,VCS1160,456
181,2015.0,VCS1160,1921
182,2016.0,VCS1160,20422
183,2017.0,VCS1160,18232
184,2018.0,VCS1160,28981
185,2019.0,VCS1160,7466
186,2020.0,VCS1160,0
187,2021.0,VCS1160,0
188,2022.0,VCS1160,0
189,1996.0,VCS1162,0
190,1997.0,VCS1162,0
191,1998.0,VCS1162,0
192,1999.0,VCS1162,0
193,2000.0,VCS1162,0
194,2001.0,VCS1162,0
195,2002.0,VCS1162,0
196,2003.0,VCS1162,0
197,2004.0,VCS1162,0
198,2005.0,VCS1162,0
199,2006.0,VCS1162,0
200,2007.0,VCS1162,0
201,2008.0,VCS1162,0
202,2009.0,VCS1162,19762
203,2010.0,VCS1162,19565
204,2011.0,VCS1162,54843
205,2012.0,VCS1162,2173
206,2013.0,VCS1162,0
207,2014.0,VCS1162,0
208,2015.0,VCS1162,24373
209,2016.0,VCS1162,31919
210,2017.0,VCS1162,0
211,2018.0,VCS1162,0
212,2019.0,VCS1162,0
213,2020.0,VCS1162,0
214,2021.0,VCS1162,0
215,2022.0,VCS1162,0
216,1996.0,VCS1166,0
217,1997.0,VCS1166,0
218,1998.0,VCS1166,0
219,1999.0,VCS1166,0
220,2000.0,VCS1166,0
221,2001.0,VCS1166,0
222,2002.0,VCS1166,0
223,2003.0,VCS1166,0
224,2004.0,VCS1166,0
225,2005.0,VCS1166,0
226,2006.0,VCS1166,0
227,2007.0,VCS1166,0
228,2008.0,VCS1166,0
229,2009.0,VCS1166,0
230,2010.0,VCS1166,0
231,2011.0,VCS1166,0
232,2012.0,VCS1166,58363
233,2013.0,VCS1166,0
234,2014.0,VCS1166,0
235,2015.0,VCS1166,0
236,2016.0,VCS1166,0
237,2017.0,VCS1166,0
238,2018.0,VCS1166,0
239,2019.0,VCS1166,0
240,2020.0,VCS1166,0
241,2021.0,VCS1166,0
242,2022.0,VCS1166,0
243,1996.0,VCS1186,0
244,1997.0,VCS1186,0
245,1998.0,VCS1186,0
246,1999.0,VCS1186,0
247,2000.0,VCS1186,0
248,2001.0,VCS1186,0
249,2002.0,VCS1186,0
250,2003.0,VCS1186,0
251,2004.0,VCS1186,0
252,2005.0,VCS1186,0
253,2006.0,VCS1186,0
254,2007.0,VCS1186,0
255,2008.0,VCS1186,0
256,2009.0,VCS1186,0
257,2010.0,VCS1186,0
258,2011.0,VCS1186,0
259,2012.0,VCS1186,0
260,2013.0,VCS1186,0
261,2014.0,VCS1186,19657
262,2015.0,VCS1186,54330
263,2016.0,VCS1186,37455
264,2017.0,VCS1186,0
265,2018.0,VCS1186,0
266,2019.0,VCS1186,0
267,2020.0,VCS1186,0
268,2021.0,VCS1186,0
269,2022.0,VCS1186,0
270,1996.0,VCS1187,0
271,1997.0,VCS1187,0
272,1998.0,VCS1187,0
273,1999.0,VCS1187,0
274,2000.0,VCS1187,0
275,2001.0,VCS1187,0
276,2002.0,VCS1187,0
277,2003.0,VCS1187,0
278,2004.0,VCS1187,0
279,2005.0,VCS1187,0
280,2006.0,VCS1187,0
281,2007.0,VCS1187,0
282,2008.0,VCS1187,0
283,2009.0,VCS1187,0
284,2010.0,VCS1187,5239
285,2011.0,VCS1187,0
286,2012.0,VCS1187,0
287,2013.0,VCS1187,17496
288,2014.0,VCS1187,0
289,2015.0,VCS1187,32810
290,2016.0,VCS1187,30401
291,2017.0,VCS1187,0
292,2018.0,VCS1187,0
293,2019.0,VCS1187,28389
294,2020.0,VCS1187,11984
295,2021.0,VCS1187,0
296,2022.0,VCS1187,0
297,1996.0,VCS1188,0
298,1997.0,VCS1188,0
299,1998.0,VCS1188,0
300,1999.0,VCS1188,0
301,2000.0,VCS1188,0
302,2001.0,VCS1188,0
303,2002.0,VCS1188,0
304,2003.0,VCS1188,0
305,2004.0,VCS1188,0
306,2005.0,VCS1188,0
307,2006.0,VCS1188,0
308,2007.0,VCS1188,0
309,2008.0,VCS1188,0
310,2009.0,VCS1188,0
311,2010.0,VCS1188,0
312,2011.0,VCS1188,0
313,2012.0,VCS1188,57456
314,2013.0,VCS1188,0
315,2014.0,VCS1188,57752
316,2015.0,VCS1188,36309
317,2016.0,VCS1188,0
318,2017.0,VCS1188,79674
319,2018.0,VCS1188,0
320,2019.0,VCS1188,78247
321,2020.0,VCS1188,70162
322,2021.0,VCS1188,15085
323,2022.0,VCS1188,0
324,1996.0,VCS1189,0
325,1997.0,VCS1189,0
326,1998.0,VCS1189,0
327,1999.0,VCS1189,0
328,2000.0,VCS1189,0
329,2001.0,VCS1189,0
330,2002.0,VCS1189,0
331,2003.0,VCS1189,0
332,2004.0,VCS1189,0
333,2005.0,VCS1189,0
334,2006.0,VCS1189,0
335,2007.0,VCS1189,0
336,2008.0,VCS1189,0
337,2009.0,VCS1189,0
338,2010.0,VCS1189,0
339,2011.0,VCS1189,0
340,2012.0,VCS1189,15351
341,2013.0,VCS1189,15000
342,2014.0,VCS1189,20852
343,2015.0,VCS1189,59660
344,2016.0,VCS1189,83316
345,2017.0,VCS1189,83439
346,2018.0,VCS1189,36634
347,2019.0,VCS1189,81816
348,2020.0,VCS1189,28925
349,2021.0,VCS1189,0
350,2022.0,VCS1189,0
351,1996.0,VCS1190,0
352,1997.0,VCS1190,0
353,1998.0,VCS1190,0
354,1999.0,VCS1190,0
355,2000.0,VCS1190,0
356,2001.0,VCS1190,0
357,2002.0,VCS1190,0
358,2003.0,VCS1190,0
359,2004.0,VCS1190,0
360,2005.0,VCS1190,0
361,2006.0,VCS1190,0
362,2007.0,VCS1190,0
363,2008.0,VCS1190,0
364,2009.0,VCS1190,0
365,2010.0,VCS1190,0
366,2011.0,VCS1190,0
367,2012.0,VCS1190,5926
368,2013.0,VCS1190,0
369,2014.0,VCS1190,0
370,2015.0,VCS1190,0
371,2016.0,VCS1190,0
372,2017.0,VCS1190,0
373,2018.0,VCS1190,0
374,2019.0,VCS1190,0
375,2020.0,VCS1190,40208
376,2021.0,VCS1190,27159
377,2022.0,VCS1190,0
378,1996.0,VCS12,0
379,1997.0,VCS12,0
380,1998.0,VCS12,0
381,1999.0,VCS12,0
382,2000.0,VCS12,0
383,2001.0,VCS12,0
384,2002.0,VCS12,0
385,2003.0,VCS12,0
386,2004.0,VCS12,0
387,2005.0,VCS12,0
388,2006.0,VCS12,0
389,2007.0,VCS12,0
390,2008.0,VCS12,0
391,2009.0,VCS12,0
392,2010.0,VCS12,0
393,2011.0,VCS12,49747
394,2012.0,VCS12,63338
395,2013.0,VCS12,64581
396,2014.0,VCS12,40875
397,2015.0,VCS12,94721
398,2016.0,VCS12,11000
399,2017.0,VCS12,0
400,2018.0,VCS12,0
401,2019.0,VCS12,0
402,2020.0,VCS12,0
403,2021.0,VCS12,0
404,2022.0,VCS12,0
405,1996.0,VCS1203,0
406,1997.0,VCS1203,0
407,1998.0,VCS1203,0
408,1999.0,VCS1203,0
409,2000.0,VCS1203,0
410,2001.0,VCS1203,0
411,2002.0,VCS1203,0
412,2003.0,VCS1203,0
413,2004.0,VCS1203,0
414,2005.0,VCS1203,0
415,2006.0,VCS1203,0
416,2007.0,VCS1203,0
417,2008.0,VCS1203,0
418,2009.0,VCS1203,0
419,2010.0,VCS1203,0
420,2011.0,VCS1203,0
421,2012.0,VCS1203,0
422,2013.0,VCS1203,0
423,2014.0,VCS1203,0
424,2015.0,VCS1203,0
425,2016.0,VCS1203,5076
426,2017.0,VCS1203,11290
427,2018.0,VCS1203,8335
428,2019.0,VCS1203,0
429,2020.0,VCS1203,0
430,2021.0,VCS1203,0
431,2022.0,VCS1203,0
432,1996.0,VCS1301,0
433,1997.0,VCS1301,0
434,1998.0,VCS1301,0
435,1999.0,VCS1301,0
436,2000.0,VCS1301,0
437,2001.0,VCS1301,0
438,2002.0,VCS1301,0
439,2003.0,VCS1301,0
440,2004.0,VCS1301,0
441,2005.0,VCS1301,0
442,2006.0,VCS1301,0
443,2007.0,VCS1301,0
444,2008.0,VCS1301,0
445,2009.0,VCS1301,0
446,2010.0,VCS1301,0
447,2011.0,VCS1301,0
448,2012.0,VCS1301,0
449,2013.0,VCS1301,0
450,2014.0,VCS1301,49617
451,2015.0,VCS1301,0
452,2016.0,VCS1301,0
453,2017.0,VCS1301,0
454,2018.0,VCS1301,62825
455,2019.0,VCS1301,87891
456,2020.0,VCS1301,58235
457,2021.0,VCS1301,0
458,2022.0,VCS1301,0
459,1996.0,VCS1310,0
460,1997.0,VCS1310,0
461,1998.0,VCS1310,0
462,1999.0,VCS1310,0
463,2000.0,VCS1310,0
464,2001.0,VCS1310,0
465,2002.0,VCS1310,0
466,2003.0,VCS1310,0
467,2004.0,VCS1310,0
468,2005.0,VCS1310,0
469,2006.0,VCS1310,0
470,2007.0,VCS1310,0
471,2008.0,VCS1310,0
472,2009.0,VCS1310,0
473,2010.0,VCS1310,0
474,2011.0,VCS1310,0
475,2012.0,VCS1310,0
476,2013.0,VCS1310,11951
477,2014.0,VCS1310,28214
478,2015.0,VCS1310,56024
479,2016.0,VCS1310,119149
480,2017.0,VCS1310,37456
481,2018.0,VCS1310,2030
482,2019.0,VCS1310,0
483,2020.0,VCS1310,0
484,2021.0,VCS1310,0
485,2022.0,VCS1310,0
486,1996.0,VCS132,0
487,1997.0,VCS132,0
488,1998.0,VCS132,0
489,1999.0,VCS132,0
490,2000.0,VCS132,0
491,2001.0,VCS132,0
492,2002.0,VCS132,0
493,2003.0,VCS132,0
494,2004.0,VCS132,0
495,2005.0,VCS132,0
496,2006.0,VCS132,0
497,2007.0,VCS132,0
498,2008.0,VCS132,34804
499,2009.0,VCS132,0
500,2010.0,VCS132,0
501,2011.0,VCS132,0
502,2012.0,VCS132,0
503,2013.0,VCS132,0
504,2014.0,VCS132,0
505,2015.0,VCS132,0
506,2016.0,VCS132,5423
507,2017.0,VCS132,0
508,2018.0,VCS132,0
509,2019.0,VCS132,0
510,2020.0,VCS132,0
511,2021.0,VCS132,0
512,2022.0,VCS132,0
513,1996.0,VCS1356,0
514,1997.0,VCS1356,0
515,1998.0,VCS1356,0
516,1999.0,VCS1356,0
517,2000.0,VCS1356,0
518,2001.0,VCS1356,0
519,2002.0,VCS1356,0
520,2003.0,VCS1356,0
521,2004.0,VCS1356,0
522,2005.0,VCS1356,0
523,2006.0,VCS1356,0
524,2007.0,VCS1356,0
525,2008.0,VCS1356,0
526,2009.0,VCS1356,0
527,2010.0,VCS1356,0
528,2011.0,VCS1356,25730
529,2012.0,VCS1356,0
530,2013.0,VCS1356,0
531,2014.0,VCS1356,0
532,2015.0,VCS1356,0
533,2016.0,VCS1356,0
534,2017.0,VCS1356,178223
535,2018.0,VCS1356,0
536,2019.0,VCS1356,0
537,2020.0,VCS1356,0
538,2021.0,VCS1356,0
539,2022.0,VCS1356,0
540,1996.0,VCS1382,0
541,1997.0,VCS1382,0
542,1998.0,VCS1382,0
543,1999.0,VCS1382,0
544,2000.0,VCS1382,0
545,2001.0,VCS1382,0
546,2002.0,VCS1382,0
547,2003.0,VCS1382,0
548,2004.0,VCS1382,0
549,2005.0,VCS1382,0
550,2006.0,VCS1382,0
551,2007.0,VCS1382,0
552,2008.0,VCS1382,0
553,2009.0,VCS1382,0
554,2010.0,VCS1382,0
555,2011.0,VCS1382,0
556,2012.0,VCS1382,0
557,2013.0,VCS1382,766856
558,2014.0,VCS1382,834140
559,2015.0,VCS1382,1226095
560,2016.0,VCS1382,1761894
561,2017.0,VCS1382,2317700
562,2018.0,VCS1382,192042
563,2019.0,VCS1382,318046
564,2020.0,VCS1382,318046
565,2021.0,VCS1382,318047
566,2022.0,VCS1382,0
567,1996.0,VCS1418,0
568,1997.0,VCS1418,0
569,1998.0,VCS1418,0
570,1999.0,VCS1418,0
571,2000.0,VCS1418,0
572,2001.0,VCS1418,0
573,2002.0,VCS1418,0
574,2003.0,VCS1418,0
575,2004.0,VCS1418,0
576,2005.0,VCS1418,0
577,2006.0,VCS1418,0
578,2007.0,VCS1418,0
579,2008.0,VCS1418,0
580,2009.0,VCS1418,0
581,2010.0,VCS1418,0
582,2011.0,VCS1418,0
583,2012.0,VCS1418,0
584,2013.0,VCS1418,0
585,2014.0,VCS1418,0
586,2015.0,VCS1418,0
587,2016.0,VCS1418,0
588,2017.0,VCS1418,0
589,2018.0,VCS1418,0
590,2019.0,VCS1418,0
591,2020.0,VCS1418,0
592,2021.0,VCS1418,0
593,2022.0,VCS1418,0
594,1996.0,VCS1427,0
595,1997.0,VCS1427,0
596,1998.0,VCS1427,0
597,1999.0,VCS1427,0
598,2000.0,VCS1427,0
599,2001.0,VCS1427,0
600,2002.0,VCS1427,0
601,2003.0,VCS1427,0
602,2004.0,VCS1427,0
603,2005.0,VCS1427,0
604,2006.0,VCS1427,0
605,2007.0,VCS1427,0
606,2008.0,VCS1427,0
607,2009.0,VCS1427,0
608,2010.0,VCS1427,0
609,2011.0,VCS1427,0
610,2012.0,VCS1427,0
611,2013.0,VCS1427,0
612,2014.0,VCS1427,0
613,2015.0,VCS1427,0
614,2016.0,VCS1427,0
615,2017.0,VCS1427,0
616,2018.0,VCS1427,0
617,2019.0,VCS1427,0
618,2020.0,VCS1427,0
619,2021.0,VCS1427,0
620,2022.0,VCS1427,0
621,1996.0,VCS1464,0
622,1997.0,VCS1464,0
623,1998.0,VCS1464,0
624,1999.0,VCS1464,0
625,2000.0,VCS1464,0
626,2001.0,VCS1464,0
627,2002.0,VCS1464,0
628,2003.0,VCS1464,0
629,2004.0,VCS1464,0
630,2005.0,VCS1464,0
631,2006.0,VCS1464,0
632,2007.0,VCS1464,0
633,2008.0,VCS1464,0
634,2009.0,VCS1464,0
635,2010.0,VCS1464,0
636,2011.0,VCS1464,0
637,2012.0,VCS1464,344442
638,2013.0,VCS1464,0
639,2014.0,VCS1464,95728
640,2015.0,VCS1464,262624
641,2016.0,VCS1464,449836
642,2017.0,VCS1464,39975
643,2018.0,VCS1464,211828
644,2019.0,VCS1464,538571
645,2020.0,VCS1464,377199
646,2021.0,VCS1464,0
647,2022.0,VCS1464,0
648,1996.0,VCS1477,0
649,1997.0,VCS1477,0
650,1998.0,VCS1477,0
651,1999.0,VCS1477,0
652,2000.0,VCS1477,0
653,2001.0,VCS1477,0
654,2002.0,VCS1477,0
655,2003.0,VCS1477,0
656,2004.0,VCS1477,0
657,2005.0,VCS1477,0
658,2006.0,VCS1477,0
659,2007.0,VCS1477,0
660,2008.0,VCS1477,0
661,2009.0,VCS1477,0
662,2010.0,VCS1477,0
663,2011.0,VCS1477,0
664,2012.0,VCS1477,0
665,2013.0,VCS1477,0
666,2014.0,VCS1477,0
667,2015.0,VCS1477,5395615
668,2016.0,VCS1477,4004392
669,2017.0,VCS1477,3243754
670,2018.0,VCS1477,2886979
671,2019.0,VCS1477,5471477
672,2020.0,VCS1477,5720336
673,2021.0,VCS1477,0
674,2022.0,VCS1477,0
675,1996.0,VCS1497,0
676,1997.0,VCS1497,0
677,1998.0,VCS1497,0
678,1999.0,VCS1497,0
679,2000.0,VCS1497,0
680,2001.0,VCS1497,0
681,2002.0,VCS1497,0
682,2003.0,VCS1497,0
683,2004.0,VCS1497,0
684,2005.0,VCS1497,0
685,2006.0,VCS1497,0
686,2007.0,VCS1497,0
687,2008.0,VCS1497,0
688,2009.0,VCS1497,0
689,2010.0,VCS1497,0
690,2011.0,VCS1497,0
691,2012.0,VCS1497,0
692,2013.0,VCS1497,0
693,2014.0,VCS1497,0
694,2015.0,VCS1497,0
695,2016.0,VCS1497,7500
696,2017.0,VCS1497,54511
697,2018.0,VCS1497,130606
698,2019.0,VCS1497,167208
699,2020.0,VCS1497,109752
700,2021.0,VCS1497,173206
701,2022.0,VCS1497,0
702,1996.0,VCS1499,0
703,1997.0,VCS1499,0
704,1998.0,VCS1499,0
705,1999.0,VCS1499,0
706,2000.0,VCS1499,0
707,2001.0,VCS1499,0
708,2002.0,VCS1499,0
709,2003.0,VCS1499,0
710,2004.0,VCS1499,0
711,2005.0,VCS1499,0
712,2006.0,VCS1499,0
713,2007.0,VCS1499,0
714,2008.0,VCS1499,0
715,2009.0,VCS1499,0
716,2010.0,VCS1499,0
717,2011.0,VCS1499,0
718,2012.0,VCS1499,0
719,2013.0,VCS1499,0
720,2014.0,VCS1499,0
721,2015.0,VCS1499,25402
722,2016.0,VCS1499,56861
723,2017.0,VCS1499,96916
724,2018.0,VCS1499,116412
725,2019.0,VCS1499,128596
726,2020.0,VCS1499,82392
727,2021.0,VCS1499,0
728,2022.0,VCS1499,0
729,1996.0,VCS1506,0
730,1997.0,VCS1506,0
731,1998.0,VCS1506,0
732,1999.0,VCS1506,0
733,2000.0,VCS1506,0
734,2001.0,VCS1506,0
735,2002.0,VCS1506,0
736,2003.0,VCS1506,0
737,2004.0,VCS1506,0
738,2005.0,VCS1506,0
739,2006.0,VCS1506,0
740,2007.0,VCS1506,0
741,2008.0,VCS1506,0
742,2009.0,VCS1506,0
743,2010.0,VCS1506,0
744,2011.0,VCS1506,0
745,2012.0,VCS1506,5396
746,2013.0,VCS1506,23633
747,2014.0,VCS1506,0
748,2015.0,VCS1506,0
749,2016.0,VCS1506,31281
750,2017.0,VCS1506,66051
751,2018.0,VCS1506,57900
752,2019.0,VCS1506,0
753,2020.0,VCS1506,18095
754,2021.0,VCS1506,0
755,2022.0,VCS1506,0
756,1996.0,VCS1525,0
757,1997.0,VCS1525,0
758,1998.0,VCS1525,0
759,1999.0,VCS1525,0
760,2000.0,VCS1525,0
761,2001.0,VCS1525,0
762,2002.0,VCS1525,0
763,2003.0,VCS1525,0
764,2004.0,VCS1525,0
765,2005.0,VCS1525,0
766,2006.0,VCS1525,0
767,2007.0,VCS1525,0
768,2008.0,VCS1525,0
769,2009.0,VCS1525,0
770,2010.0,VCS1525,0
771,2011.0,VCS1525,450
772,2012.0,VCS1525,2022
773,2013.0,VCS1525,0
774,2014.0,VCS1525,0
775,2015.0,VCS1525,0
776,2016.0,VCS1525,0
777,2017.0,VCS1525,0
778,2018.0,VCS1525,0
779,2019.0,VCS1525,0
780,2020.0,VCS1525,0
781,2021.0,VCS1525,0
782,2022.0,VCS1525,0
783,1996.0,VCS1529,0
784,1997.0,VCS1529,0
785,1998.0,VCS1529,0
786,1999.0,VCS1529,0
787,2000.0,VCS1529,0
788,2001.0,VCS1529,0
789,2002.0,VCS1529,0
790,2003.0,VCS1529,0
791,2004.0,VCS1529,0
792,2005.0,VCS1529,0
793,2006.0,VCS1529,0
794,2007.0,VCS1529,0
795,2008.0,VCS1529,0
796,2009.0,VCS1529,0
797,2010.0,VCS1529,67074
798,2011.0,VCS1529,56844
799,2012.0,VCS1529,0
800,2013.0,VCS1529,28000
801,2014.0,VCS1529,34460
802,2015.0,VCS1529,0
803,2016.0,VCS1529,0
804,2017.0,VCS1529,66035
805,2018.0,VCS1529,0
806,2019.0,VCS1529,0
807,2020.0,VCS1529,0
808,2021.0,VCS1529,0
809,2022.0,VCS1529,0
810,1996.0,VCS1542,0
811,1997.0,VCS1542,0
812,1998.0,VCS1542,0
813,1999.0,VCS1542,0
814,2000.0,VCS1542,0
815,2001.0,VCS1542,0
816,2002.0,VCS1542,0
817,2003.0,VCS1542,0
818,2004.0,VCS1542,0
819,2005.0,VCS1542,0
820,2006.0,VCS1542,0
821,2007.0,VCS1542,0
822,2008.0,VCS1542,0
823,2009.0,VCS1542,0
824,2010.0,VCS1542,0
825,2011.0,VCS1542,34961
826,2012.0,VCS1542,38252
827,2013.0,VCS1542,15864
828,2014.0,VCS1542,15341
829,2015.0,VCS1542,4819
830,2016.0,VCS1542,43837
831,2017.0,VCS1542,0
832,2018.0,VCS1542,54765
833,2019.0,VCS1542,54174
834,2020.0,VCS1542,53622
835,2021.0,VCS1542,342
836,2022.0,VCS1542,0
837,1996.0,VCS1549,0
838,1997.0,VCS1549,0
839,1998.0,VCS1549,0
840,1999.0,VCS1549,0
841,2000.0,VCS1549,0
842,2001.0,VCS1549,0
843,2002.0,VCS1549,0
844,2003.0,VCS1549,0
845,2004.0,VCS1549,0
846,2005.0,VCS1549,0
847,2006.0,VCS1549,0
848,2007.0,VCS1549,0
849,2008.0,VCS1549,0
850,2009.0,VCS1549,0
851,2010.0,VCS1549,0
852,2011.0,VCS1549,0
853,2012.0,VCS1549,0
854,2013.0,VCS1549,0
855,2014.0,VCS1549,0
856,2015.0,VCS1549,0
857,2016.0,VCS1549,25
858,2017.0,VCS1549,9712
859,2018.0,VCS1549,27370
860,2019.0,VCS1549,30090
861,2020.0,VCS1549,26754
862,2021.0,VCS1549,0
863,2022.0,VCS1549,0
864,1996.0,VCS1566,0
865,1997.0,VCS1566,0
866,1998.0,VCS1566,0
867,1999.0,VCS1566,0
868,2000.0,VCS1566,0
869,2001.0,VCS1566,0
870,2002.0,VCS1566,0
871,2003.0,VCS1566,0
872,2004.0,VCS1566,0
873,2005.0,VCS1566,0
874,2006.0,VCS1566,0
875,2007.0,VCS1566,0
876,2008.0,VCS1566,0
877,2009.0,VCS1566,0
878,2010.0,VCS1566,0
879,2011.0,VCS1566,0
880,2012.0,VCS1566,0
881,2013.0,VCS1566,0
882,2014.0,VCS1566,0
883,2015.0,VCS1566,10
884,2016.0,VCS1566,0
885,2017.0,VCS1566,55662
886,2018.0,VCS1566,2041760
887,2019.0,VCS1566,4096110
888,2020.0,VCS1566,0
889,2021.0,VCS1566,0
890,2022.0,VCS1566,0
891,1996.0,VCS1577,0
892,1997.0,VCS1577,0
893,1998.0,VCS1577,0
894,1999.0,VCS1577,0
895,2000.0,VCS1577,0
896,2001.0,VCS1577,0
897,2002.0,VCS1577,0
898,2003.0,VCS1577,0
899,2004.0,VCS1577,0
900,2005.0,VCS1577,0
901,2006.0,VCS1577,0
902,2007.0,VCS1577,0
903,2008.0,VCS1577,0
904,2009.0,VCS1577,0
905,2010.0,VCS1577,0
906,2011.0,VCS1577,26180
907,2012.0,VCS1577,0
908,2013.0,VCS1577,35000
909,2014.0,VCS1577,42814
910,2015.0,VCS1577,43111
911,2016.0,VCS1577,34838
912,2017.0,VCS1577,56971
913,2018.0,VCS1577,57294
914,2019.0,VCS1577,57618
915,2020.0,VCS1577,57941
916,2021.0,VCS1577,28893
917,2022.0,VCS1577,0
918,1996.0,VCS1578,0
919,1997.0,VCS1578,0
920,1998.0,VCS1578,0
921,1999.0,VCS1578,0
922,2000.0,VCS1578,0
923,2001.0,VCS1578,0
924,2002.0,VCS1578,0
925,2003.0,VCS1578,0
926,2004.0,VCS1578,0
927,2005.0,VCS1578,0
928,2006.0,VCS1578,0
929,2007.0,VCS1578,0
930,2008.0,VCS1578,0
931,2009.0,VCS1578,0
932,2010.0,VCS1578,0
933,2011.0,VCS1578,0
934,2012.0,VCS1578,0
935,2013.0,VCS1578,0
936,2014.0,VCS1578,0
937,2015.0,VCS1578,0
938,2016.0,VCS1578,0
939,2017.0,VCS1578,0
940,2018.0,VCS1578,0
941,2019.0,VCS1578,0
942,2020.0,VCS1578,0
943,2021.0,VCS1578,0
944,2022.0,VCS1578,0
945,1996.0,VCS1650,0
946,1997.0,VCS1650,0
947,1998.0,VCS1650,0
948,1999.0,VCS1650,0
949,2000.0,VCS1650,0
950,2001.0,VCS1650,0
951,2002.0,VCS1650,0
952,2003.0,VCS1650,0
953,2004.0,VCS1650,0
954,2005.0,VCS1650,0
955,2006.0,VCS1650,0
956,2007.0,VCS1650,0
957,2008.0,VCS1650,0
958,2009.0,VCS1650,0
959,2010.0,VCS1650,0
960,2011.0,VCS1650,0
961,2012.0,VCS1650,0
962,2013.0,VCS1650,1300
963,2014.0,VCS1650,1993
964,2015.0,VCS1650,1803032
965,2016.0,VCS1650,2057566
966,2017.0,VCS1650,1475164
967,2018.0,VCS1650,332779
968,2019.0,VCS1650,604967
969,2020.0,VCS1650,0
970,2021.0,VCS1650,0
971,2022.0,VCS1650,0
972,1996.0,VCS1656,0
973,1997.0,VCS1656,0
974,1998.0,VCS1656,0
975,1999.0,VCS1656,0
976,2000.0,VCS1656,0
977,2001.0,VCS1656,0
978,2002.0,VCS1656,0
979,2003.0,VCS1656,0
980,2004.0,VCS1656,0
981,2005.0,VCS1656,0
982,2006.0,VCS1656,0
983,2007.0,VCS1656,0
984,2008.0,VCS1656,0
985,2009.0,VCS1656,0
986,2010.0,VCS1656,0
987,2011.0,VCS1656,0
988,2012.0,VCS1656,45000
989,2013.0,VCS1656,0
990,2014.0,VCS1656,0
991,2015.0,VCS1656,0
992,2016.0,VCS1656,0
993,2017.0,VCS1656,0
994,2018.0,VCS1656,0
995,2019.0,VCS1656,0
996,2020.0,VCS1656,0
997,2021.0,VCS1656,0
998,2022.0,VCS1656,0
999,1996.0,VCS1686,0
1000,1997.0,VCS1686,0
1001,1998.0,VCS1686,0
1002,1999.0,VCS1686,0
1003,2000.0,VCS1686,0
1004,2001.0,VCS1686,0
1005,2002.0,VCS1686,0
1006,2003.0,VCS1686,0
1007,2004.0,VCS1686,0
1008,2005.0,VCS1686,0
1009,2006.0,VCS1686,0
1010,2007.0,VCS1686,0
1011,2008.0,VCS1686,0
1012,2009.0,VCS1686,0
1013,2010.0,VCS1686,0
1014,2011.0,VCS1686,0
1015,2012.0,VCS1686,0
1016,2013.0,VCS1686,0
1017,2014.0,VCS1686,1005
1018,2015.0,VCS1686,339
1019,2016.0,VCS1686,0
1020,2017.0,VCS1686,154875
1021,2018.0,VCS1686,161312
1022,2019.0,VCS1686,183198
1023,2020.0,VCS1686,396720
1024,2021.0,VCS1686,497962
1025,2022.0,VCS1686,0
1026,1996.0,VCS1693,0
1027,1997.0,VCS1693,0
1028,1998.0,VCS1693,0
1029,1999.0,VCS1693,0
1030,2000.0,VCS1693,0
1031,2001.0,VCS1693,0
1032,2002.0,VCS1693,0
1033,2003.0,VCS1693,0
1034,2004.0,VCS1693,0
1035,2005.0,VCS1693,0
1036,2006.0,VCS1693,0
1037,2007.0,VCS1693,0
1038,2008.0,VCS1693,0
1039,2009.0,VCS1693,0
1040,2010.0,VCS1693,0
1041,2011.0,VCS1693,0
1042,2012.0,VCS1693,0
1043,2013.0,VCS1693,0
1044,2014.0,VCS1693,0
1045,2015.0,VCS1693,0
1046,2016.0,VCS1693,0
1047,2017.0,VCS1693,0
1048,2018.0,VCS1693,0
1049,2019.0,VCS1693,0
1050,2020.0,VCS1693,0
1051,2021.0,VCS1693,0
1052,2022.0,VCS1693,0
1053,1996.0,VCS173,0
1054,1997.0,VCS173,0
1055,1998.0,VCS173,0
1056,1999.0,VCS173,0
1057,2000.0,VCS173,0
1058,2001.0,VCS173,0
1059,2002.0,VCS173,0
1060,2003.0,VCS173,0
1061,2004.0,VCS173,0
1062,2005.0,VCS173,0
1063,2006.0,VCS173,220500
1064,2007.0,VCS173,328970
1065,2008.0,VCS173,318985
1066,2009.0,VCS173,430042
1067,2010.0,VCS173,264
1068,2011.0,VCS173,0
1069,2012.0,VCS173,0
1070,2013.0,VCS173,240669
1071,2014.0,VCS173,312661
1072,2015.0,VCS173,546899
1073,2016.0,VCS173,105506
1074,2017.0,VCS173,0
1075,2018.0,VCS173,0
1076,2019.0,VCS173,0
1077,2020.0,VCS173,0
1078,2021.0,VCS173,0
1079,2022.0,VCS173,0
1080,1996.0,VCS1742,0
1081,1997.0,VCS1742,0
1082,1998.0,VCS1742,0
1083,1999.0,VCS1742,0
1084,2000.0,VCS1742,0
1085,2001.0,VCS1742,0
1086,2002.0,VCS1742,0
1087,2003.0,VCS1742,0
1088,2004.0,VCS1742,0
1089,2005.0,VCS1742,0
1090,2006.0,VCS1742,0
1091,2007.0,VCS1742,0
1092,2008.0,VCS1742,0
1093,2009.0,VCS1742,0
1094,2010.0,VCS1742,0
1095,2011.0,VCS1742,0
1096,2012.0,VCS1742,0
1097,2013.0,VCS1742,0
1098,2014.0,VCS1742,0
1099,2015.0,VCS1742,156
1100,2016.0,VCS1742,92685
1101,2017.0,VCS1742,454978
1102,2018.0,VCS1742,1428082
1103,2019.0,VCS1742,3446954
1104,2020.0,VCS1742,3505143
1105,2021.0,VCS1742,1781476
1106,2022.0,VCS1742,0
1107,1996.0,VCS1748,0
1108,1997.0,VCS1748,0
1109,1998.0,VCS1748,0
1110,1999.0,VCS1748,0
1111,2000.0,VCS1748,0
1112,2001.0,VCS1748,0
1113,2002.0,VCS1748,0
1114,2003.0,VCS1748,0
1115,2004.0,VCS1748,0
1116,2005.0,VCS1748,0
1117,2006.0,VCS1748,0
1118,2007.0,VCS1748,0
1119,2008.0,VCS1748,0
1120,2009.0,VCS1748,0
1121,2010.0,VCS1748,0
1122,2011.0,VCS1748,0
1123,2012.0,VCS1748,0
1124,2013.0,VCS1748,0
1125,2014.0,VCS1748,0
1126,2015.0,VCS1748,2072000
1127,2016.0,VCS1748,2319865
1128,2017.0,VCS1748,3741451
1129,2018.0,VCS1748,3820258
1130,2019.0,VCS1748,3880955
1131,2020.0,VCS1748,3858705
1132,2021.0,VCS1748,3514041
1133,2022.0,VCS1748,0
1134,1996.0,VCS1758,0
1135,1997.0,VCS1758,0
1136,1998.0,VCS1758,0
1137,1999.0,VCS1758,0
1138,2000.0,VCS1758,0
1139,2001.0,VCS1758,0
1140,2002.0,VCS1758,0
1141,2003.0,VCS1758,0
1142,2004.0,VCS1758,0
1143,2005.0,VCS1758,0
1144,2006.0,VCS1758,0
1145,2007.0,VCS1758,0
1146,2008.0,VCS1758,0
1147,2009.0,VCS1758,0
1148,2010.0,VCS1758,0
1149,2011.0,VCS1758,0
1150,2012.0,VCS1758,0
1151,2013.0,VCS1758,0
1152,2014.0,VCS1758,34430
1153,2015.0,VCS1758,38233
1154,2016.0,VCS1758,69454
1155,2017.0,VCS1758,54698
1156,2018.0,VCS1758,50166
1157,2019.0,VCS1758,27600
1158,2020.0,VCS1758,42591
1159,2021.0,VCS1758,0
1160,2022.0,VCS1758,0
1161,1996.0,VCS1762,0
1162,1997.0,VCS1762,0
1163,1998.0,VCS1762,0
1164,1999.0,VCS1762,0
1165,2000.0,VCS1762,0
1166,2001.0,VCS1762,0
1167,2002.0,VCS1762,0
1168,2003.0,VCS1762,0
1169,2004.0,VCS1762,0
1170,2005.0,VCS1762,0
1171,2006.0,VCS1762,0
1172,2007.0,VCS1762,0
1173,2008.0,VCS1762,0
1174,2009.0,VCS1762,0
1175,2010.0,VCS1762,0
1176,2011.0,VCS1762,0
1177,2012.0,VCS1762,0
1178,2013.0,VCS1762,0
1179,2014.0,VCS1762,0
1180,2015.0,VCS1762,0
1181,2016.0,VCS1762,0
1182,2017.0,VCS1762,68
1183,2018.0,VCS1762,111829
1184,2019.0,VCS1762,201520
1185,2020.0,VCS1762,253352
1186,2021.0,VCS1762,213094
1187,2022.0,VCS1762,60592
1188,1996.0,VCS1792,0
1189,1997.0,VCS1792,0
1190,1998.0,VCS1792,0
1191,1999.0,VCS1792,0
1192,2000.0,VCS1792,0
1193,2001.0,VCS1792,0
1194,2002.0,VCS1792,0
1195,2003.0,VCS1792,0
1196,2004.0,VCS1792,0
1197,2005.0,VCS1792,0
1198,2006.0,VCS1792,0
1199,2007.0,VCS1792,0
1200,2008.0,VCS1792,0
1201,2009.0,VCS1792,0
1202,2010.0,VCS1792,0
1203,2011.0,VCS1792,0
1204,2012.0,VCS1792,0
1205,2013.0,VCS1792,0
1206,2014.0,VCS1792,0
1207,2015.0,VCS1792,0
1208,2016.0,VCS1792,0
1209,2017.0,VCS1792,87430
1210,2018.0,VCS1792,500167
1211,2019.0,VCS1792,827680
1212,2020.0,VCS1792,789705
1213,2021.0,VCS1792,525327
1214,2022.0,VCS1792,0
1215,1996.0,VCS2092,0
1216,1997.0,VCS2092,0
1217,1998.0,VCS2092,0
1218,1999.0,VCS2092,0
1219,2000.0,VCS2092,0
1220,2001.0,VCS2092,0
1221,2002.0,VCS2092,0
1222,2003.0,VCS2092,0
1223,2004.0,VCS2092,0
1224,2005.0,VCS2092,0
1225,2006.0,VCS2092,0
1226,2007.0,VCS2092,0
1227,2008.0,VCS2092,0
1228,2009.0,VCS2092,0
1229,2010.0,VCS2092,0
1230,2011.0,VCS2092,0
1231,2012.0,VCS2092,0
1232,2013.0,VCS2092,0
1233,2014.0,VCS2092,0
1234,2015.0,VCS2092,0
1235,2016.0,VCS2092,91311
1236,2017.0,VCS2092,63727
1237,2018.0,VCS2092,33259
1238,2019.0,VCS2092,104673
1239,2020.0,VCS2092,73494
1240,2021.0,VCS2092,5989
1241,2022.0,VCS2092,0
1242,1996.0,VCS2095,0
1243,1997.0,VCS2095,0
1244,1998.0,VCS2095,0
1245,1999.0,VCS2095,0
1246,2000.0,VCS2095,0
1247,2001.0,VCS2095,0
1248,2002.0,VCS2095,0
1249,2003.0,VCS2095,0
1250,2004.0,VCS2095,0
1251,2005.0,VCS2095,0
1252,2006.0,VCS2095,0
1253,2007.0,VCS2095,0
1254,2008.0,VCS2095,0
1255,2009.0,VCS2095,0
1256,2010.0,VCS2095,0
1257,2011.0,VCS2095,0
1258,2012.0,VCS2095,0
1259,2013.0,VCS2095,0
1260,2014.0,VCS2095,0
1261,2015.0,VCS2095,45066
1262,2016.0,VCS2095,53709
1263,2017.0,VCS2095,49291
1264,2018.0,VCS2095,42996
1265,2019.0,VCS2095,47680
1266,2020.0,VCS2095,42930
1267,2021.0,VCS2095,0
1268,2022.0,VCS2095,0
1269,1996.0,VCS2097,0
1270,1997.0,VCS2097,0
1271,1998.0,VCS2097,0
1272,1999.0,VCS2097,0
1273,2000.0,VCS2097,0
1274,2001.0,VCS2097,0
1275,2002.0,VCS2097,0
1276,2003.0,VCS2097,0
1277,2004.0,VCS2097,0
1278,2005.0,VCS2097,0
1279,2006.0,VCS2097,0
1280,2007.0,VCS2097,0
1281,2008.0,VCS2097,0
1282,2009.0,VCS2097,0
1283,2010.0,VCS2097,0
1284,2011.0,VCS2097,0
1285,2012.0,VCS2097,0
1286,2013.0,VCS2097,0
1287,2014.0,VCS2097,0
1288,2015.0,VCS2097,0
1289,2016.0,VCS2097,113244
1290,2017.0,VCS2097,63722
1291,2018.0,VCS2097,67282
1292,2019.0,VCS2097,97581
1293,2020.0,VCS2097,52458
1294,2021.0,VCS2097,0
1295,2022.0,VCS2097,0
1296,1996.0,VCS251,0
1297,1997.0,VCS251,0
1298,1998.0,VCS251,0
1299,1999.0,VCS251,0
1300,2000.0,VCS251,0
1301,2001.0,VCS251,0
1302,2002.0,VCS251,0
1303,2003.0,VCS251,0
1304,2004.0,VCS251,0
1305,2005.0,VCS251,0
1306,2006.0,VCS251,0
1307,2007.0,VCS251,0
1308,2008.0,VCS251,0
1309,2009.0,VCS251,0
1310,2010.0,VCS251,45
1311,2011.0,VCS251,0
1312,2012.0,VCS251,0
1313,2013.0,VCS251,0
1314,2014.0,VCS251,0
1315,2015.0,VCS251,35
1316,2016.0,VCS251,12071
1317,2017.0,VCS251,0
1318,2018.0,VCS251,0
1319,2019.0,VCS251,0
1320,2020.0,VCS251,0
1321,2021.0,VCS251,0
1322,2022.0,VCS251,0
1323,1996.0,VCS265,0
1324,1997.0,VCS265,0
1325,1998.0,VCS265,0
1326,1999.0,VCS265,0
1327,2000.0,VCS265,0
1328,2001.0,VCS265,0
1329,2002.0,VCS265,0
1330,2003.0,VCS265,0
1331,2004.0,VCS265,0
1332,2005.0,VCS265,0
1333,2006.0,VCS265,0
1334,2007.0,VCS265,0
1335,2008.0,VCS265,0
1336,2009.0,VCS265,0
1337,2010.0,VCS265,0
1338,2011.0,VCS265,29
1339,2012.0,VCS265,0
1340,2013.0,VCS265,0
1341,2014.0,VCS265,0
1342,2015.0,VCS265,0
1343,2016.0,VCS265,0
1344,2017.0,VCS265,0
1345,2018.0,VCS265,0
1346,2019.0,VCS265,0
1347,2020.0,VCS265,0
1348,2021.0,VCS265,0
1349,2022.0,VCS265,0
1350,1996.0,VCS274,0
1351,1997.0,VCS274,0
1352,1998.0,VCS274,0
1353,1999.0,VCS274,0
1354,2000.0,VCS274,0
1355,2001.0,VCS274,0
1356,2002.0,VCS274,0
1357,2003.0,VCS274,0
1358,2004.0,VCS274,0
1359,2005.0,VCS274,0
1360,2006.0,VCS274,11017
1361,2007.0,VCS274,12055
1362,2008.0,VCS274,13010
1363,2009.0,VCS274,11155
1364,2010.0,VCS274,0
1365,2011.0,VCS274,0
1366,2012.0,VCS274,0
1367,2013.0,VCS274,0
1368,2014.0,VCS274,0
1369,2015.0,VCS274,0
1370,2016.0,VCS274,0
1371,2017.0,VCS274,0
1372,2018.0,VCS274,0
1373,2019.0,VCS274,0
1374,2020.0,VCS274,0
1375,2021.0,VCS274,0
1376,2022.0,VCS274,0
1377,1996.0,VCS292,0
1378,1997.0,VCS292,0
1379,1998.0,VCS292,0
1380,1999.0,VCS292,0
1381,2000.0,VCS292,0
1382,2001.0,VCS292,0
1383,2002.0,VCS292,0
1384,2003.0,VCS292,0
1385,2004.0,VCS292,0
1386,2005.0,VCS292,0
1387,2006.0,VCS292,0
1388,2007.0,VCS292,0
1389,2008.0,VCS292,0
1390,2009.0,VCS292,0
1391,2010.0,VCS292,0
1392,2011.0,VCS292,0
1393,2012.0,VCS292,0
1394,2013.0,VCS292,0
1395,2014.0,VCS292,0
1396,2015.0,VCS292,0
1397,2016.0,VCS292,18771
1398,2017.0,VCS292,78850
1399,2018.0,VCS292,241299
1400,2019.0,VCS292,87475
1401,2020.0,VCS292,3987
1402,2021.0,VCS292,192073
1403,2022.0,VCS292,0
1404,1996.0,VCS293,0
1405,1997.0,VCS293,0
1406,1998.0,VCS293,0
1407,1999.0,VCS293,0
1408,2000.0,VCS293,0
1409,2001.0,VCS293,0
1410,2002.0,VCS293,0
1411,2003.0,VCS293,0
1412,2004.0,VCS293,0
1413,2005.0,VCS293,0
1414,2006.0,VCS293,8162
1415,2007.0,VCS293,8053
1416,2008.0,VCS293,0
1417,2009.0,VCS293,0
1418,2010.0,VCS293,0
1419,2011.0,VCS293,0
1420,2012.0,VCS293,0
1421,2013.0,VCS293,0
1422,2014.0,VCS293,0
1423,2015.0,VCS293,0
1424,2016.0,VCS293,0
1425,2017.0,VCS293,0
1426,2018.0,VCS293,0
1427,2019.0,VCS293,0
1428,2020.0,VCS293,0
1429,2021.0,VCS293,0
1430,2022.0,VCS293,0
1431,1996.0,VCS414,0
1432,1997.0,VCS414,0
1433,1998.0,VCS414,0
1434,1999.0,VCS414,0
1435,2000.0,VCS414,0
1436,2001.0,VCS414,0
1437,2002.0,VCS414,0
1438,2003.0,VCS414,0
1439,2004.0,VCS414,0
1440,2005.0,VCS414,0
1441,2006.0,VCS414,0
1442,2007.0,VCS414,0
1443,2008.0,VCS414,0
1444,2009.0,VCS414,0
1445,2010.0,VCS414,0
1446,2011.0,VCS414,0
1447,2012.0,VCS414,0
1448,2013.0,VCS414,31016
1449,2014.0,VCS414,127987
1450,2015.0,VCS414,37199
1451,2016.0,VCS414,90409
1452,2017.0,VCS414,81307
1453,2018.0,VCS414,69087
1454,2019.0,VCS414,104386
1455,2020.0,VCS414,106555
1456,2021.0,VCS414,108791
1457,2022.0,VCS414,40077
1458,1996.0,VCS426,0
1459,1997.0,VCS426,0
1460,1998.0,VCS426,0
1461,1999.0,VCS426,0
1462,2000.0,VCS426,0
1463,2001.0,VCS426,0
1464,2002.0,VCS426,0
1465,2003.0,VCS426,0
1466,2004.0,VCS426,0
1467,2005.0,VCS426,0
1468,2006.0,VCS426,0
1469,2007.0,VCS426,0
1470,2008.0,VCS426,0
1471,2009.0,VCS426,0
1472,2010.0,VCS426,0
1473,2011.0,VCS426,1355
1474,2012.0,VCS426,11830
1475,2013.0,VCS426,29441
1476,2014.0,VCS426,27932
1477,2015.0,VCS426,15963
1478,2016.0,VCS426,14834
1479,2017.0,VCS426,0
1480,2018.0,VCS426,0
1481,2019.0,VCS426,0
1482,2020.0,VCS426,0
1483,2021.0,VCS426,0
1484,2022.0,VCS426,0
1485,1996.0,VCS439,0
1486,1997.0,VCS439,0
1487,1998.0,VCS439,0
1488,1999.0,VCS439,0
1489,2000.0,VCS439,0
1490,2001.0,VCS439,0
1491,2002.0,VCS439,0
1492,2003.0,VCS439,0
1493,2004.0,VCS439,0
1494,2005.0,VCS439,0
1495,2006.0,VCS439,0
1496,2007.0,VCS439,0
1497,2008.0,VCS439,0
1498,2009.0,VCS439,3305221
1499,2010.0,VCS439,0
1500,2011.0,VCS439,0
1501,2012.0,VCS439,0
1502,2013.0,VCS439,0
1503,2014.0,VCS439,0
1504,2015.0,VCS439,0
1505,2016.0,VCS439,0
1506,2017.0,VCS439,0
1507,2018.0,VCS439,0
1508,2019.0,VCS439,0
1509,2020.0,VCS439,0
1510,2021.0,VCS439,0
1511,2022.0,VCS439,0
1512,1996.0,VCS487,0
1513,1997.0,VCS487,0
1514,1998.0,VCS487,0
1515,1999.0,VCS487,0
1516,2000.0,VCS487,0
1517,2001.0,VCS487,0
1518,2002.0,VCS487,0
1519,2003.0,VCS487,0
1520,2004.0,VCS487,0
1521,2005.0,VCS487,0
1522,2006.0,VCS487,0
1523,2007.0,VCS487,0
1524,2008.0,VCS487,0
1525,2009.0,VCS487,202490
1526,2010.0,VCS487,638378
1527,2011.0,VCS487,455816
1528,2012.0,VCS487,62904
1529,2013.0,VCS487,201500
1530,2014.0,VCS487,52286
1531,2015.0,VCS487,435863
1532,2016.0,VCS487,54664
1533,2017.0,VCS487,582124
1534,2018.0,VCS487,779211
1535,2019.0,VCS487,712808
1536,2020.0,VCS487,897433
1537,2021.0,VCS487,0
1538,2022.0,VCS487,0
1539,1996.0,VCS493,0
1540,1997.0,VCS493,0
1541,1998.0,VCS493,0
1542,1999.0,VCS493,0
1543,2000.0,VCS493,0
1544,2001.0,VCS493,0
1545,2002.0,VCS493,0
1546,2003.0,VCS493,0
1547,2004.0,VCS493,0
1548,2005.0,VCS493,0
1549,2006.0,VCS493,0
1550,2007.0,VCS493,0
1551,2008.0,VCS493,0
1552,2009.0,VCS493,0
1553,2010.0,VCS493,0
1554,2011.0,VCS493,0
1555,2012.0,VCS493,0
1556,2013.0,VCS493,0
1557,2014.0,VCS493,0
1558,2015.0,VCS493,0
1559,2016.0,VCS493,0
1560,2017.0,VCS493,0
1561,2018.0,VCS493,0
1562,2019.0,VCS493,0
1563,2020.0,VCS493,0
1564,2021.0,VCS493,0
1565,2022.0,VCS493,0
1566,1996.0,VCS499,0
1567,1997.0,VCS499,0
1568,1998.0,VCS499,0
1569,1999.0,VCS499,0
1570,2000.0,VCS499,0
1571,2001.0,VCS499,0
1572,2002.0,VCS499,0
1573,2003.0,VCS499,0
1574,2004.0,VCS499,0
1575,2005.0,VCS499,0
1576,2006.0,VCS499,5329
1577,2007.0,VCS499,6328
1578,2008.0,VCS499,6971
1579,2009.0,VCS499,3065
1580,2010.0,VCS499,1928
1581,2011.0,VCS499,1770
1582,2012.0,VCS499,3621
1583,2013.0,VCS499,0
1584,2014.0,VCS499,0
1585,2015.0,VCS499,0
1586,2016.0,VCS499,0
1587,2017.0,VCS499,0
1588,2018.0,VCS499,0
1589,2019.0,VCS499,0
1590,2020.0,VCS499,0
1591,2021.0,VCS499,0
1592,2022.0,VCS499,0
1593,1996.0,VCS513,0
1594,1997.0,VCS513,0
1595,1998.0,VCS513,0
1596,1999.0,VCS513,0
1597,2000.0,VCS513,0
1598,2001.0,VCS513,0
1599,2002.0,VCS513,0
1600,2003.0,VCS513,0
1601,2004.0,VCS513,0
1602,2005.0,VCS513,0
1603,2006.0,VCS513,0
1604,2007.0,VCS513,0
1605,2008.0,VCS513,0
1606,2009.0,VCS513,0
1607,2010.0,VCS513,0
1608,2011.0,VCS513,0
1609,2012.0,VCS513,95421
1610,2013.0,VCS513,0
1611,2014.0,VCS513,15633
1612,2015.0,VCS513,139712
1613,2016.0,VCS513,418828
1614,2017.0,VCS513,224278
1615,2018.0,VCS513,0
1616,2019.0,VCS513,0
1617,2020.0,VCS513,73633
1618,2021.0,VCS513,155901
1619,2022.0,VCS513,0
1620,1996.0,VCS528,0
1621,1997.0,VCS528,0
1622,1998.0,VCS528,0
1623,1999.0,VCS528,0
1624,2000.0,VCS528,0
1625,2001.0,VCS528,0
1626,2002.0,VCS528,0
1627,2003.0,VCS528,0
1628,2004.0,VCS528,0
1629,2005.0,VCS528,0
1630,2006.0,VCS528,0
1631,2007.0,VCS528,0
1632,2008.0,VCS528,0
1633,2009.0,VCS528,0
1634,2010.0,VCS528,0
1635,2011.0,VCS528,9770
1636,2012.0,VCS528,19473
1637,2013.0,VCS528,0
1638,2014.0,VCS528,0
1639,2015.0,VCS528,0
1640,2016.0,VCS528,0
1641,2017.0,VCS528,0
1642,2018.0,VCS528,0
1643,2019.0,VCS528,0
1644,2020.0,VCS528,0
1645,2021.0,VCS528,0
1646,2022.0,VCS528,0
1647,1996.0,VCS529,0
1648,1997.0,VCS529,0
1649,1998.0,VCS529,0
1650,1999.0,VCS529,0
1651,2000.0,VCS529,0
1652,2001.0,VCS529,0
1653,2002.0,VCS529,0
1654,2003.0,VCS529,0
1655,2004.0,VCS529,0
1656,2005.0,VCS529,0
1657,2006.0,VCS529,0
1658,2007.0,VCS529,0
1659,2008.0,VCS529,0
1660,2009.0,VCS529,0
1661,2010.0,VCS529,0
1662,2011.0,VCS529,8710
1663,2012.0,VCS529,11648
1664,2013.0,VCS529,0
1665,2014.0,VCS529,0
1666,2015.0,VCS529,0
1667,2016.0,VCS529,0
1668,2017.0,VCS529,0
1669,2018.0,VCS529,0
1670,2019.0,VCS529,0
1671,2020.0,VCS529,0
1672,2021.0,VCS529,0
1673,2022.0,VCS529,0
1674,1996.0,VCS535,0
1675,1997.0,VCS535,0
1676,1998.0,VCS535,0
1677,1999.0,VCS535,0
1678,2000.0,VCS535,0
1679,2001.0,VCS535,0
1680,2002.0,VCS535,0
1681,2003.0,VCS535,0
1682,2004.0,VCS535,0
1683,2005.0,VCS535,0
1684,2006.0,VCS535,0
1685,2007.0,VCS535,0
1686,2008.0,VCS535,0
1687,2009.0,VCS535,0
1688,2010.0,VCS535,0
1689,2011.0,VCS535,0
1690,2012.0,VCS535,47282
1691,2013.0,VCS535,11
1692,2014.0,VCS535,5555
1693,2015.0,VCS535,7641
1694,2016.0,VCS535,97599
1695,2017.0,VCS535,69732
1696,2018.0,VCS535,0
1697,2019.0,VCS535,106176
1698,2020.0,VCS535,81385
1699,2021.0,VCS535,0
1700,2022.0,VCS535,0
1701,1996.0,VCS566,0
1702,1997.0,VCS566,0
1703,1998.0,VCS566,0
1704,1999.0,VCS566,0
1705,2000.0,VCS566,0
1706,2001.0,VCS566,0
1707,2002.0,VCS566,0
1708,2003.0,VCS566,0
1709,2004.0,VCS566,0
1710,2005.0,VCS566,0
1711,2006.0,VCS566,0
1712,2007.0,VCS566,0
1713,2008.0,VCS566,0
1714,2009.0,VCS566,22103
1715,2010.0,VCS566,0
1716,2011.0,VCS566,0
1717,2012.0,VCS566,0
1718,2013.0,VCS566,0
1719,2014.0,VCS566,0
1720,2015.0,VCS566,0
1721,2016.0,VCS566,12455
1722,2017.0,VCS566,2390
1723,2018.0,VCS566,0
1724,2019.0,VCS566,0
1725,2020.0,VCS566,0
1726,2021.0,VCS566,0
1727,2022.0,VCS566,0
1728,1996.0,VCS603,0
1729,1997.0,VCS603,0
1730,1998.0,VCS603,0
1731,1999.0,VCS603,0
1732,2000.0,VCS603,0
1733,2001.0,VCS603,0
1734,2002.0,VCS603,0
1735,2003.0,VCS603,0
1736,2004.0,VCS603,0
1737,2005.0,VCS603,0
1738,2006.0,VCS603,0
1739,2007.0,VCS603,0
1740,2008.0,VCS603,0
1741,2009.0,VCS603,0
1742,2010.0,VCS603,0
1743,2011.0,VCS603,0
1744,2012.0,VCS603,12804
1745,2013.0,VCS603,9241
1746,2014.0,VCS603,6870
1747,2015.0,VCS603,9861
1748,2016.0,VCS603,9088
1749,2017.0,VCS603,6254
1750,2018.0,VCS603,5533
1751,2019.0,VCS603,2908
1752,2020.0,VCS603,0
1753,2021.0,VCS603,0
1754,2022.0,VCS603,0
1755,1996.0,VCS612,0
1756,1997.0,VCS612,0
1757,1998.0,VCS612,0
1758,1999.0,VCS612,0
1759,2000.0,VCS612,0
1760,2001.0,VCS612,0
1761,2002.0,VCS612,0
1762,2003.0,VCS612,0
1763,2004.0,VCS612,0
1764,2005.0,VCS612,0
1765,2006.0,VCS612,0
1766,2007.0,VCS612,0
1767,2008.0,VCS612,0
1768,2009.0,VCS612,0
1769,2010.0,VCS612,26918
1770,2011.0,VCS612,467
1771,2012.0,VCS612,303944
1772,2013.0,VCS612,0
1773,2014.0,VCS612,945047
1774,2015.0,VCS612,-36160
1775,2016.0,VCS612,1011598
1776,2017.0,VCS612,1147301
1777,2018.0,VCS612,1350730
1778,2019.0,VCS612,948708
1779,2020.0,VCS612,1582959
1780,2021.0,VCS612,1637325
1781,2022.0,VCS612,0
1782,1996.0,VCS614,0
1783,1997.0,VCS614,0
1784,1998.0,VCS614,0
1785,1999.0,VCS614,0
1786,2000.0,VCS614,0
1787,2001.0,VCS614,0
1788,2002.0,VCS614,0
1789,2003.0,VCS614,0
1790,2004.0,VCS614,0
1791,2005.0,VCS614,0
1792,2006.0,VCS614,0
1793,2007.0,VCS614,0
1794,2008.0,VCS614,56319
1795,2009.0,VCS614,0
1796,2010.0,VCS614,0
1797,2011.0,VCS614,0
1798,2012.0,VCS614,0
1799,2013.0,VCS614,0
1800,2014.0,VCS614,0
1801,2015.0,VCS614,0
1802,2016.0,VCS614,0
1803,2017.0,VCS614,0
1804,2018.0,VCS614,0
1805,2019.0,VCS614,0
1806,2020.0,VCS614,0
1807,2021.0,VCS614,0
1808,2022.0,VCS614,0
1809,1996.0,VCS631,0
1810,1997.0,VCS631,0
1811,1998.0,VCS631,0
1812,1999.0,VCS631,0
1813,2000.0,VCS631,0
1814,2001.0,VCS631,0
1815,2002.0,VCS631,0
1816,2003.0,VCS631,0
1817,2004.0,VCS631,0
1818,2005.0,VCS631,0
1819,2006.0,VCS631,0
1820,2007.0,VCS631,0
1821,2008.0,VCS631,21475
1822,2009.0,VCS631,0
1823,2010.0,VCS631,0
1824,2011.0,VCS631,0
1825,2012.0,VCS631,0
1826,2013.0,VCS631,4614
1827,2014.0,VCS631,12089
1828,2015.0,VCS631,0
1829,2016.0,VCS631,0
1830,2017.0,VCS631,0
1831,2018.0,VCS631,0
1832,2019.0,VCS631,0
1833,2020.0,VCS631,0
1834,2021.0,VCS631,0
1835,2022.0,VCS631,0
1836,1996.0,VCS653,0
1837,1997.0,VCS653,0
1838,1998.0,VCS653,0
1839,1999.0,VCS653,0
1840,2000.0,VCS653,0
1841,2001.0,VCS653,0
1842,2002.0,VCS653,0
1843,2003.0,VCS653,0
1844,2004.0,VCS653,0
1845,2005.0,VCS653,0
1846,2006.0,VCS653,0
1847,2007.0,VCS653,0
1848,2008.0,VCS653,0
1849,2009.0,VCS653,101000
1850,2010.0,VCS653,13450
1851,2011.0,VCS653,0
1852,2012.0,VCS653,68515
1853,2013.0,VCS653,76622
1854,2014.0,VCS653,53283
1855,2015.0,VCS653,0
1856,2016.0,VCS653,8455
1857,2017.0,VCS653,225469
1858,2018.0,VCS653,211061
1859,2019.0,VCS653,34244
1860,2020.0,VCS653,102900
1861,2021.0,VCS653,0
1862,2022.0,VCS653,0
1863,1996.0,VCS655,0
1864,1997.0,VCS655,0
1865,1998.0,VCS655,0
1866,1999.0,VCS655,0
1867,2000.0,VCS655,0
1868,2001.0,VCS655,0
1869,2002.0,VCS655,0
1870,2003.0,VCS655,0
1871,2004.0,VCS655,0
1872,2005.0,VCS655,0
1873,2006.0,VCS655,0
1874,2007.0,VCS655,0
1875,2008.0,VCS655,0
1876,2009.0,VCS655,0
1877,2010.0,VCS655,0
1878,2011.0,VCS655,0
1879,2012.0,VCS655,0
1880,2013.0,VCS655,0
1881,2014.0,VCS655,0
1882,2015.0,VCS655,0
1883,2016.0,VCS655,0
1884,2017.0,VCS655,38373
1885,2018.0,VCS655,15079
1886,2019.0,VCS655,0
1887,2020.0,VCS655,0
1888,2021.0,VCS655,0
1889,2022.0,VCS655,0
1890,1996.0,VCS670,0
1891,1997.0,VCS670,0
1892,1998.0,VCS670,0
1893,1999.0,VCS670,0
1894,2000.0,VCS670,0
1895,2001.0,VCS670,0
1896,2002.0,VCS670,0
1897,2003.0,VCS670,0
1898,2004.0,VCS670,0
1899,2005.0,VCS670,0
1900,2006.0,VCS670,0
1901,2007.0,VCS670,0
1902,2008.0,VCS670,113530
1903,2009.0,VCS670,0
1904,2010.0,VCS670,0
1905,2011.0,VCS670,0
1906,2012.0,VCS670,0
1907,2013.0,VCS670,0
1908,2014.0,VCS670,0
1909,2015.0,VCS670,0
1910,2016.0,VCS670,0
1911,2017.0,VCS670,0
1912,2018.0,VCS670,0
1913,2019.0,VCS670,0
1914,2020.0,VCS670,0
1915,2021.0,VCS670,0
1916,2022.0,VCS670,0
1917,1996.0,VCS674,0
1918,1997.0,VCS674,0
1919,1998.0,VCS674,0
1920,1999.0,VCS674,0
1921,2000.0,VCS674,0
1922,2001.0,VCS674,0
1923,2002.0,VCS674,0
1924,2003.0,VCS674,0
1925,2004.0,VCS674,0
1926,2005.0,VCS674,0
1927,2006.0,VCS674,0
1928,2007.0,VCS674,0
1929,2008.0,VCS674,0
1930,2009.0,VCS674,0
1931,2010.0,VCS674,0
1932,2011.0,VCS674,436152
1933,2012.0,VCS674,874167
1934,2013.0,VCS674,1009691
1935,2014.0,VCS674,2055137
1936,2015.0,VCS674,801969
1937,2016.0,VCS674,2115280
1938,2017.0,VCS674,2327369
1939,2018.0,VCS674,924686
1940,2019.0,VCS674,500
1941,2020.0,VCS674,0
1942,2021.0,VCS674,0
1943,2022.0,VCS674,0
1944,1996.0,VCS699,0
1945,1997.0,VCS699,0
1946,1998.0,VCS699,0
1947,1999.0,VCS699,0
1948,2000.0,VCS699,0
1949,2001.0,VCS699,0
1950,2002.0,VCS699,0
1951,2003.0,VCS699,0
1952,2004.0,VCS699,0
1953,2005.0,VCS699,0
1954,2006.0,VCS699,0
1955,2007.0,VCS699,0
1956,2008.0,VCS699,0
1957,2009.0,VCS699,20296
1958,2010.0,VCS699,0
1959,2011.0,VCS699,0
1960,2012.0,VCS699,26632
1961,2013.0,VCS699,0
1962,2014.0,VCS699,0
1963,2015.0,VCS699,0
1964,2016.0,VCS699,0
1965,2017.0,VCS699,0
1966,2018.0,VCS699,0
1967,2019.0,VCS699,0
1968,2020.0,VCS699,0
1969,2021.0,VCS699,0
1970,2022.0,VCS699,0
1971,1996.0,VCS713,0
1972,1997.0,VCS713,0
1973,1998.0,VCS713,0
1974,1999.0,VCS713,0
1975,2000.0,VCS713,0
1976,2001.0,VCS713,0
1977,2002.0,VCS713,0
1978,2003.0,VCS713,0
1979,2004.0,VCS713,0
1980,2005.0,VCS713,0
1981,2006.0,VCS713,0
1982,2007.0,VCS713,0
1983,2008.0,VCS713,0
1984,2009.0,VCS713,0
1985,2010.0,VCS713,0
1986,2011.0,VCS713,44
1987,2012.0,VCS713,0
1988,2013.0,VCS713,0
1989,2014.0,VCS713,0
1990,2015.0,VCS713,115746
1991,2016.0,VCS713,140225
1992,2017.0,VCS713,69335
1993,2018.0,VCS713,63342
1994,2019.0,VCS713,40899
1995,2020.0,VCS713,0
1996,2021.0,VCS713,0
1997,2022.0,VCS713,0
1998,1996.0,VCS722,0
1999,1997.0,VCS722,0
2000,1998.0,VCS722,0
2001,1999.0,VCS722,0
2002,2000.0,VCS722,0
2003,2001.0,VCS722,0
2004,2002.0,VCS722,0
2005,2003.0,VCS722,0
2006,2004.0,VCS722,0
2007,2005.0,VCS722,0
2008,2006.0,VCS722,0
2009,2007.0,VCS722,643447
2010,2008.0,VCS722,130507
2011,2009.0,VCS722,46253
2012,2010.0,VCS722,0
2013,2011.0,VCS722,0
2014,2012.0,VCS722,0
2015,2013.0,VCS722,0
2016,2014.0,VCS722,0
2017,2015.0,VCS722,0
2018,2016.0,VCS722,0
2019,2017.0,VCS722,0
2020,2018.0,VCS722,0
2021,2019.0,VCS722,0
2022,2020.0,VCS722,0
2023,2021.0,VCS722,0
2024,2022.0,VCS722,0
2025,1996.0,VCS725,0
2026,1997.0,VCS725,0
2027,1998.0,VCS725,0
2028,1999.0,VCS725,0
2029,2000.0,VCS725,0
2030,2001.0,VCS725,0
2031,2002.0,VCS725,0
2032,2003.0,VCS725,0
2033,2004.0,VCS725,0
2034,2005.0,VCS725,0
2035,2006.0,VCS725,7232
2036,2007.0,VCS725,108846
2037,2008.0,VCS725,44416
2038,2009.0,VCS725,0
2039,2010.0,VCS725,0
2040,2011.0,VCS725,0
2041,2012.0,VCS725,0
2042,2013.0,VCS725,0
2043,2014.0,VCS725,0
2044,2015.0,VCS725,0
2045,2016.0,VCS725,0
2046,2017.0,VCS725,0
2047,2018.0,VCS725,0
2048,2019.0,VCS725,0
2049,2020.0,VCS725,0
2050,2021.0,VCS725,0
2051,2022.0,VCS725,0
2052,1996.0,VCS728,0
2053,1997.0,VCS728,0
2054,1998.0,VCS728,0
2055,1999.0,VCS728,0
2056,2000.0,VCS728,0
2057,2001.0,VCS728,0
2058,2002.0,VCS728,0
2059,2003.0,VCS728,0
2060,2004.0,VCS728,0
2061,2005.0,VCS728,0
2062,2006.0,VCS728,0
2063,2007.0,VCS728,0
2064,2008.0,VCS728,0
2065,2009.0,VCS728,0
2066,2010.0,VCS728,0
2067,2011.0,VCS728,0
2068,2012.0,VCS728,0
2069,2013.0,VCS728,0
2070,2014.0,VCS728,0
2071,2015.0,VCS728,0
2072,2016.0,VCS728,172884
2073,2017.0,VCS728,177116
2074,2018.0,VCS728,224541
2075,2019.0,VCS728,4059
2076,2020.0,VCS728,224229
2077,2021.0,VCS728,374191
2078,2022.0,VCS728,0
2079,1996.0,VCS733,0
2080,1997.0,VCS733,0
2081,1998.0,VCS733,0
2082,1999.0,VCS733,0
2083,2000.0,VCS733,0
2084,2001.0,VCS733,0
2085,2002.0,VCS733,0
2086,2003.0,VCS733,0
2087,2004.0,VCS733,0
2088,2005.0,VCS733,0
2089,2006.0,VCS733,0
2090,2007.0,VCS733,0
2091,2008.0,VCS733,886
2092,2009.0,VCS733,1777
2093,2010.0,VCS733,2155
2094,2011.0,VCS733,0
2095,2012.0,VCS733,0
2096,2013.0,VCS733,0
2097,2014.0,VCS733,33762
2098,2015.0,VCS733,15663
2099,2016.0,VCS733,4932
2100,2017.0,VCS733,1531
2101,2018.0,VCS733,0
2102,2019.0,VCS733,0
2103,2020.0,VCS733,0
2104,2021.0,VCS733,0
2105,2022.0,VCS733,0
2106,1996.0,VCS753,0
2107,1997.0,VCS753,0
2108,1998.0,VCS753,0
2109,1999.0,VCS753,0
2110,2000.0,VCS753,0
2111,2001.0,VCS753,0
2112,2002.0,VCS753,0
2113,2003.0,VCS753,0
2114,2004.0,VCS753,0
2115,2005.0,VCS753,0
2116,2006.0,VCS753,0
2117,2007.0,VCS753,0
2118,2008.0,VCS753,0
2119,2009.0,VCS753,0
2120,2010.0,VCS753,0
2121,2011.0,VCS753,602
2122,2012.0,VCS753,169502
2123,2013.0,VCS753,0
2124,2014.0,VCS753,0
2125,2015.0,VCS753,69682
2126,2016.0,VCS753,168635
2127,2017.0,VCS753,159774
2128,2018.0,VCS753,162910
2129,2019.0,VCS753,135446
2130,2020.0,VCS753,65602
2131,2021.0,VCS753,0
2132,2022.0,VCS753,0
2133,1996.0,VCS755,0
2134,1997.0,VCS755,0
2135,1998.0,VCS755,0
2136,1999.0,VCS755,0
2137,2000.0,VCS755,0
2138,2001.0,VCS755,0
2139,2002.0,VCS755,0
2140,2003.0,VCS755,0
2141,2004.0,VCS755,0
2142,2005.0,VCS755,0
2143,2006.0,VCS755,0
2144,2007.0,VCS755,0
2145,2008.0,VCS755,0
2146,2009.0,VCS755,0
2147,2010.0,VCS755,0
2148,2011.0,VCS755,0
2149,2012.0,VCS755,100466
2150,2013.0,VCS755,12243
2151,2014.0,VCS755,65507
2152,2015.0,VCS755,91704
2153,2016.0,VCS755,80248
2154,2017.0,VCS755,93517
2155,2018.0,VCS755,94912
2156,2019.0,VCS755,96004
2157,2020.0,VCS755,0
2158,2021.0,VCS755,0
2159,2022.0,VCS755,0
2160,1996.0,VCS758,0
2161,1997.0,VCS758,0
2162,1998.0,VCS758,0
2163,1999.0,VCS758,0
2164,2000.0,VCS758,0
2165,2001.0,VCS758,0
2166,2002.0,VCS758,0
2167,2003.0,VCS758,0
2168,2004.0,VCS758,0
2169,2005.0,VCS758,0
2170,2006.0,VCS758,0
2171,2007.0,VCS758,0
2172,2008.0,VCS758,0
2173,2009.0,VCS758,0
2174,2010.0,VCS758,0
2175,2011.0,VCS758,0
2176,2012.0,VCS758,30688
2177,2013.0,VCS758,0
2178,2014.0,VCS758,0
2179,2015.0,VCS758,0
2180,2016.0,VCS758,0
2181,2017.0,VCS758,0
2182,2018.0,VCS758,0
2183,2019.0,VCS758,0
2184,2020.0,VCS758,0
2185,2021.0,VCS758,0
2186,2022.0,VCS758,0
2187,1996.0,VCS762,0
2188,1997.0,VCS762,0
2189,1998.0,VCS762,0
2190,1999.0,VCS762,0
2191,2000.0,VCS762,0
2192,2001.0,VCS762,0
2193,2002.0,VCS762,0
2194,2003.0,VCS762,0
2195,2004.0,VCS762,0
2196,2005.0,VCS762,0
2197,2006.0,VCS762,0
2198,2007.0,VCS762,0
2199,2008.0,VCS762,0
2200,2009.0,VCS762,0
2201,2010.0,VCS762,9260
2202,2011.0,VCS762,1000
2203,2012.0,VCS762,0
2204,2013.0,VCS762,80348
2205,2014.0,VCS762,37000
2206,2015.0,VCS762,0
2207,2016.0,VCS762,123996
2208,2017.0,VCS762,83490
2209,2018.0,VCS762,115003
2210,2019.0,VCS762,68897
2211,2020.0,VCS762,0
2212,2021.0,VCS762,0
2213,2022.0,VCS762,0
2214,1996.0,VCS766,0
2215,1997.0,VCS766,0
2216,1998.0,VCS766,0
2217,1999.0,VCS766,0
2218,2000.0,VCS766,0
2219,2001.0,VCS766,0
2220,2002.0,VCS766,0
2221,2003.0,VCS766,0
2222,2004.0,VCS766,0
2223,2005.0,VCS766,0
2224,2006.0,VCS766,0
2225,2007.0,VCS766,0
2226,2008.0,VCS766,0
2227,2009.0,VCS766,1374567
2228,2010.0,VCS766,251567
2229,2011.0,VCS766,1985948
2230,2012.0,VCS766,0
2231,2013.0,VCS766,0
2232,2014.0,VCS766,0
2233,2015.0,VCS766,0
2234,2016.0,VCS766,0
2235,2017.0,VCS766,0
2236,2018.0,VCS766,0
2237,2019.0,VCS766,0
2238,2020.0,VCS766,0
2239,2021.0,VCS766,0
2240,2022.0,VCS766,0
2241,1996.0,VCS786,0
2242,1997.0,VCS786,0
2243,1998.0,VCS786,0
2244,1999.0,VCS786,0
2245,2000.0,VCS786,0
2246,2001.0,VCS786,0
2247,2002.0,VCS786,0
2248,2003.0,VCS786,0
2249,2004.0,VCS786,0
2250,2005.0,VCS786,0
2251,2006.0,VCS786,0
2252,2007.0,VCS786,0
2253,2008.0,VCS786,0
2254,2009.0,VCS786,0
2255,2010.0,VCS786,0
2256,2011.0,VCS786,107224
2257,2012.0,VCS786,603
2258,2013.0,VCS786,467830
2259,2014.0,VCS786,409253
2260,2015.0,VCS786,0
2261,2016.0,VCS786,49824
2262,2017.0,VCS786,204375
2263,2018.0,VCS786,0
2264,2019.0,VCS786,0
2265,2020.0,VCS786,0
2266,2021.0,VCS786,0
2267,2022.0,VCS786,0
2268,1996.0,VCS788,0
2269,1997.0,VCS788,0
2270,1998.0,VCS788,0
2271,1999.0,VCS788,0
2272,2000.0,VCS788,0
2273,2001.0,VCS788,0
2274,2002.0,VCS788,0
2275,2003.0,VCS788,0
2276,2004.0,VCS788,0
2277,2005.0,VCS788,0
2278,2006.0,VCS788,0
2279,2007.0,VCS788,542413
2280,2008.0,VCS788,365647
2281,2009.0,VCS788,171568
2282,2010.0,VCS788,0
2283,2011.0,VCS788,0
2284,2012.0,VCS788,0
2285,2013.0,VCS788,0
2286,2014.0,VCS788,0
2287,2015.0,VCS788,0
2288,2016.0,VCS788,0
2289,2017.0,VCS788,0
2290,2018.0,VCS788,0
2291,2019.0,VCS788,0
2292,2020.0,VCS788,0
2293,2021.0,VCS788,0
2294,2022.0,VCS788,0
2295,1996.0,VCS792,0
2296,1997.0,VCS792,0
2297,1998.0,VCS792,0
2298,1999.0,VCS792,0
2299,2000.0,VCS792,0
2300,2001.0,VCS792,0
2301,2002.0,VCS792,0
2302,2003.0,VCS792,0
2303,2004.0,VCS792,0
2304,2005.0,VCS792,0
2305,2006.0,VCS792,0
2306,2007.0,VCS792,0
2307,2008.0,VCS792,30
2308,2009.0,VCS792,48126
2309,2010.0,VCS792,0
2310,2011.0,VCS792,0
2311,2012.0,VCS792,0
2312,2013.0,VCS792,0
2313,2014.0,VCS792,0
2314,2015.0,VCS792,0
2315,2016.0,VCS792,0
2316,2017.0,VCS792,0
2317,2018.0,VCS792,0
2318,2019.0,VCS792,0
2319,2020.0,VCS792,0
2320,2021.0,VCS792,0
2321,2022.0,VCS792,0
2322,1996.0,VCS810,0
2323,1997.0,VCS810,0
2324,1998.0,VCS810,0
2325,1999.0,VCS810,0
2326,2000.0,VCS810,0
2327,2001.0,VCS810,0
2328,2002.0,VCS810,0
2329,2003.0,VCS810,0
2330,2004.0,VCS810,0
2331,2005.0,VCS810,0
2332,2006.0,VCS810,0
2333,2007.0,VCS810,0
2334,2008.0,VCS810,0
2335,2009.0,VCS810,0
2336,2010.0,VCS810,0
2337,2011.0,VCS810,60000
2338,2012.0,VCS810,93290
2339,2013.0,VCS810,0
2340,2014.0,VCS810,0
2341,2015.0,VCS810,0
2342,2016.0,VCS810,106410
2343,2017.0,VCS810,0
2344,2018.0,VCS810,0
2345,2019.0,VCS810,0
2346,2020.0,VCS810,0
2347,2021.0,VCS810,0
2348,2022.0,VCS810,0
2349,1996.0,VCS812,0
2350,1997.0,VCS812,0
2351,1998.0,VCS812,0
2352,1999.0,VCS812,0
2353,2000.0,VCS812,0
2354,2001.0,VCS812,0
2355,2002.0,VCS812,0
2356,2003.0,VCS812,0
2357,2004.0,VCS812,0
2358,2005.0,VCS812,0
2359,2006.0,VCS812,0
2360,2007.0,VCS812,0
2361,2008.0,VCS812,0
2362,2009.0,VCS812,0
2363,2010.0,VCS812,52743
2364,2011.0,VCS812,0
2365,2012.0,VCS812,0
2366,2013.0,VCS812,0
2367,2014.0,VCS812,0
2368,2015.0,VCS812,0
2369,2016.0,VCS812,0
2370,2017.0,VCS812,0
2371,2018.0,VCS812,0
2372,2019.0,VCS812,0
2373,2020.0,VCS812,0
2374,2021.0,VCS812,0
2375,2022.0,VCS812,0
2376,1996.0,VCS823,0
2377,1997.0,VCS823,0
2378,1998.0,VCS823,0
2379,1999.0,VCS823,0
2380,2000.0,VCS823,0
2381,2001.0,VCS823,0
2382,2002.0,VCS823,0
2383,2003.0,VCS823,0
2384,2004.0,VCS823,0
2385,2005.0,VCS823,0
2386,2006.0,VCS823,0
2387,2007.0,VCS823,0
2388,2008.0,VCS823,0
2389,2009.0,VCS823,0
2390,2010.0,VCS823,0
2391,2011.0,VCS823,0
2392,2012.0,VCS823,0
2393,2013.0,VCS823,0
2394,2014.0,VCS823,0
2395,2015.0,VCS823,532
2396,2016.0,VCS823,100000
2397,2017.0,VCS823,18688
2398,2018.0,VCS823,20000
2399,2019.0,VCS823,0
2400,2020.0,VCS823,0
2401,2021.0,VCS823,0
2402,2022.0,VCS823,0
2403,1996.0,VCS830,0
2404,1997.0,VCS830,0
2405,1998.0,VCS830,0
2406,1999.0,VCS830,0
2407,2000.0,VCS830,0
2408,2001.0,VCS830,0
2409,2002.0,VCS830,0
2410,2003.0,VCS830,0
2411,2004.0,VCS830,0
2412,2005.0,VCS830,0
2413,2006.0,VCS830,0
2414,2007.0,VCS830,0
2415,2008.0,VCS830,0
2416,2009.0,VCS830,0
2417,2010.0,VCS830,0
2418,2011.0,VCS830,7518
2419,2012.0,VCS830,0
2420,2013.0,VCS830,56406
2421,2014.0,VCS830,156607
2422,2015.0,VCS830,130782
2423,2016.0,VCS830,138075
2424,2017.0,VCS830,152900
2425,2018.0,VCS830,92138
2426,2019.0,VCS830,0
2427,2020.0,VCS830,0
2428,2021.0,VCS830,0
2429,2022.0,VCS830,0
2430,1996.0,VCS836,0
2431,1997.0,VCS836,0
2432,1998.0,VCS836,0
2433,1999.0,VCS836,0
2434,2000.0,VCS836,0
2435,2001.0,VCS836,0
2436,2002.0,VCS836,0
2437,2003.0,VCS836,0
2438,2004.0,VCS836,0
2439,2005.0,VCS836,0
2440,2006.0,VCS836,0
2441,2007.0,VCS836,0
2442,2008.0,VCS836,0
2443,2009.0,VCS836,0
2444,2010.0,VCS836,4703
2445,2011.0,VCS836,0
2446,2012.0,VCS836,0
2447,2013.0,VCS836,0
2448,2014.0,VCS836,0
2449,2015.0,VCS836,0
2450,2016.0,VCS836,0
2451,2017.0,VCS836,10869
2452,2018.0,VCS836,0
2453,2019.0,VCS836,0
2454,2020.0,VCS836,0
2455,2021.0,VCS836,0
2456,2022.0,VCS836,0
2457,1996.0,VCS837,0
2458,1997.0,VCS837,0
2459,1998.0,VCS837,0
2460,1999.0,VCS837,0
2461,2000.0,VCS837,0
2462,2001.0,VCS837,0
2463,2002.0,VCS837,0
2464,2003.0,VCS837,0
2465,2004.0,VCS837,0
2466,2005.0,VCS837,0
2467,2006.0,VCS837,0
2468,2007.0,VCS837,0
2469,2008.0,VCS837,0
2470,2009.0,VCS837,0
2471,2010.0,VCS837,206478
2472,2011.0,VCS837,119993
2473,2012.0,VCS837,190015
2474,2013.0,VCS837,0
2475,2014.0,VCS837,0
2476,2015.0,VCS837,0
2477,2016.0,VCS837,0
2478,2017.0,VCS837,0
2479,2018.0,VCS837,0
2480,2019.0,VCS837,0
2481,2020.0,VCS837,0
2482,2021.0,VCS837,0
2483,2022.0,VCS837,0
2484,1996.0,VCS875,0
2485,1997.0,VCS875,0
2486,1998.0,VCS875,0
2487,1999.0,VCS875,0
2488,2000.0,VCS875,0
2489,2001.0,VCS875,0
2490,2002.0,VCS875,0
2491,2003.0,VCS875,0
2492,2004.0,VCS875,0
2493,2005.0,VCS875,0
2494,2006.0,VCS875,0
2495,2007.0,VCS875,0
2496,2008.0,VCS875,0
2497,2009.0,VCS875,11413
2498,2010.0,VCS875,930
2499,2011.0,VCS875,177
2500,2012.0,VCS875,372599
2501,2013.0,VCS875,468733
2502,2014.0,VCS875,470859
2503,2015.0,VCS875,607468
2504,2016.0,VCS875,748889
2505,2017.0,VCS875,945715
2506,2018.0,VCS875,374945
2507,2019.0,VCS875,194505
2508,2020.0,VCS875,0
2509,2021.0,VCS875,0
2510,2022.0,VCS875,0
2511,1996.0,VCS892,0
2512,1997.0,VCS892,0
2513,1998.0,VCS892,0
2514,1999.0,VCS892,0
2515,2000.0,VCS892,0
2516,2001.0,VCS892,0
2517,2002.0,VCS892,0
2518,2003.0,VCS892,0
2519,2004.0,VCS892,0
2520,2005.0,VCS892,0
2521,2006.0,VCS892,0
2522,2007.0,VCS892,0
2523,2008.0,VCS892,0
2524,2009.0,VCS892,0
2525,2010.0,VCS892,48365
2526,2011.0,VCS892,3722
2527,2012.0,VCS892,45197
2528,2013.0,VCS892,0
2529,2014.0,VCS892,0
2530,2015.0,VCS892,23065
2531,2016.0,VCS892,0
2532,2017.0,VCS892,0
2533,2018.0,VCS892,0
2534,2019.0,VCS892,279395
2535,2020.0,VCS892,10113
2536,2021.0,VCS892,0
2537,2022.0,VCS892,0
2538,1996.0,VCS896,0
2539,1997.0,VCS896,0
2540,1998.0,VCS896,0
2541,1999.0,VCS896,0
2542,2000.0,VCS896,0
2543,2001.0,VCS896,0
2544,2002.0,VCS896,0
2545,2003.0,VCS896,0
2546,2004.0,VCS896,0
2547,2005.0,VCS896,0
2548,2006.0,VCS896,0
2549,2007.0,VCS896,0
2550,2008.0,VCS896,0
2551,2009.0,VCS896,0
2552,2010.0,VCS896,7698
2553,2011.0,VCS896,113155
2554,2012.0,VCS896,560759
2555,2013.0,VCS896,1775723
2556,2014.0,VCS896,0
2557,2015.0,VCS896,0
2558,2016.0,VCS896,0
2559,2017.0,VCS896,0
2560,2018.0,VCS896,0
2561,2019.0,VCS896,0
2562,2020.0,VCS896,0
2563,2021.0,VCS896,0
2564,2022.0,VCS896,0
2565,1996.0,VCS903,0
2566,1997.0,VCS903,0
2567,1998.0,VCS903,0
2568,1999.0,VCS903,0
2569,2000.0,VCS903,0
2570,2001.0,VCS903,0
2571,2002.0,VCS903,0
2572,2003.0,VCS903,0
2573,2004.0,VCS903,0
2574,2005.0,VCS903,0
2575,2006.0,VCS903,0
2576,2007.0,VCS903,0
2577,2008.0,VCS903,0
2578,2009.0,VCS903,0
2579,2010.0,VCS903,0
2580,2011.0,VCS903,79745
2581,2012.0,VCS903,133
2582,2013.0,VCS903,0
2583,2014.0,VCS903,0
2584,2015.0,VCS903,0
2585,2016.0,VCS903,152063
2586,2017.0,VCS903,104200
2587,2018.0,VCS903,117570
2588,2019.0,VCS903,245571
2589,2020.0,VCS903,397303
2590,2021.0,VCS903,0
2591,2022.0,VCS903,0
2592,1996.0,VCS905,0
2593,1997.0,VCS905,0
2594,1998.0,VCS905,0
2595,1999.0,VCS905,0
2596,2000.0,VCS905,0
2597,2001.0,VCS905,0
2598,2002.0,VCS905,0
2599,2003.0,VCS905,0
2600,2004.0,VCS905,0
2601,2005.0,VCS905,0
2602,2006.0,VCS905,0
2603,2007.0,VCS905,0
2604,2008.0,VCS905,0
2605,2009.0,VCS905,0
2606,2010.0,VCS905,0
2607,2011.0,VCS905,39837
2608,2012.0,VCS905,0
2609,2013.0,VCS905,0
2610,2014.0,VCS905,0
2611,2015.0,VCS905,0
2612,2016.0,VCS905,94625
2613,2017.0,VCS905,90881
2614,2018.0,VCS905,88771
2615,2019.0,VCS905,73834
2616,2020.0,VCS905,80373
2617,2021.0,VCS905,0
2618,2022.0,VCS905,0
2619,1996.0,VCS917,0
2620,1997.0,VCS917,0
2621,1998.0,VCS917,0
2622,1999.0,VCS917,0
2623,2000.0,VCS917,0
2624,2001.0,VCS917,0
2625,2002.0,VCS917,0
2626,2003.0,VCS917,0
2627,2004.0,VCS917,0
2628,2005.0,VCS917,0
2629,2006.0,VCS917,0
2630,2007.0,VCS917,0
2631,2008.0,VCS917,0
2632,2009.0,VCS917,0
2633,2010.0,VCS917,0
2634,2011.0,VCS917,0
2635,2012.0,VCS917,0
2636,2013.0,VCS917,0
2637,2014.0,VCS917,0
2638,2015.0,VCS917,0
2639,2016.0,VCS917,0
2640,2017.0,VCS917,81103
2641,2018.0,VCS917,79387
2642,2019.0,VCS917,112000
2643,2020.0,VCS917,152994
2644,2021.0,VCS917,106807
2645,2022.0,VCS917,70058
2646,1996.0,VCS927,0
2647,1997.0,VCS927,0
2648,1998.0,VCS927,0
2649,1999.0,VCS927,0
2650,2000.0,VCS927,0
2651,2001.0,VCS927,0
2652,2002.0,VCS927,0
2653,2003.0,VCS927,0
2654,2004.0,VCS927,0
2655,2005.0,VCS927,0
2656,2006.0,VCS927,0
2657,2007.0,VCS927,0
2658,2008.0,VCS927,0
2659,2009.0,VCS927,0
2660,2010.0,VCS927,10000
2661,2011.0,VCS927,136
2662,2012.0,VCS927,0
2663,2013.0,VCS927,0
2664,2014.0,VCS927,0
2665,2015.0,VCS927,0
2666,2016.0,VCS927,0
2667,2017.0,VCS927,0
2668,2018.0,VCS927,0
2669,2019.0,VCS927,8888
2670,2020.0,VCS927,26875
2671,2021.0,VCS927,10910
2672,2022.0,VCS927,0
2673,1996.0,VCS934,0
2674,1997.0,VCS934,0
2675,1998.0,VCS934,0
2676,1999.0,VCS934,0
2677,2000.0,VCS934,0
2678,2001.0,VCS934,0
2679,2002.0,VCS934,0
2680,2003.0,VCS934,0
2681,2004.0,VCS934,0
2682,2005.0,VCS934,0
2683,2006.0,VCS934,0
2684,2007.0,VCS934,0
2685,2008.0,VCS934,0
2686,2009.0,VCS934,0
2687,2010.0,VCS934,0
2688,2011.0,VCS934,339531
2689,2012.0,VCS934,713940
2690,2013.0,VCS934,2583673
2691,2014.0,VCS934,2583173
2692,2015.0,VCS934,1734157
2693,2016.0,VCS934,2357083
2694,2017.0,VCS934,4507571
2695,2018.0,VCS934,5768118
2696,2019.0,VCS934,6099622
2697,2020.0,VCS934,6980543
2698,2021.0,VCS934,0
2699,2022.0,VCS934,0
2700,1996.0,VCS981,0
2701,1997.0,VCS981,0
2702,1998.0,VCS981,0
2703,1999.0,VCS981,0
2704,2000.0,VCS981,0
2705,2001.0,VCS981,0
2706,2002.0,VCS981,0
2707,2003.0,VCS981,0
2708,2004.0,VCS981,0
2709,2005.0,VCS981,0
2710,2006.0,VCS981,0
2711,2007.0,VCS981,0
2712,2008.0,VCS981,0
2713,2009.0,VCS981,0
2714,2010.0,VCS981,0
2715,2011.0,VCS981,0
2716,2012.0,VCS981,957578
2717,2013.0,VCS981,708044
2718,2014.0,VCS981,1070504
2719,2015.0,VCS981,1203953
2720,2016.0,VCS981,1271426
2721,2017.0,VCS981,1380813
2722,2018.0,VCS981,0
2723,2019.0,VCS981,0
2724,2020.0,VCS981,0
2725,2021.0,VCS981,0
2726,2022.0,VCS981,0
2727,1996.0,VCS982,0
2728,1997.0,VCS982,0
2729,1998.0,VCS982,0
2730,1999.0,VCS982,0
2731,2000.0,VCS982,0
2732,2001.0,VCS982,0
2733,2002.0,VCS982,0
2734,2003.0,VCS982,0
2735,2004.0,VCS982,0
2736,2005.0,VCS982,0
2737,2006.0,VCS982,0
2738,2007.0,VCS982,0
2739,2008.0,VCS982,0
2740,2009.0,VCS982,106700
2741,2010.0,VCS982,16868
2742,2011.0,VCS982,110159
2743,2012.0,VCS982,0
2744,2013.0,VCS982,0
2745,2014.0,VCS982,0
2746,2015.0,VCS982,0
2747,2016.0,VCS982,0
2748,2017.0,VCS982,0
2749,2018.0,VCS982,0
2750,2019.0,VCS982,0
2751,2020.0,VCS982,0
2752,2021.0,VCS982,0
2753,2022.0,VCS982,0
2754,1996.0,VCS985,0
2755,1997.0,VCS985,0
2756,1998.0,VCS985,0
2757,1999.0,VCS985,0
2758,2000.0,VCS985,0
2759,2001.0,VCS985,0
2760,2002.0,VCS985,0
2761,2003.0,VCS985,0
2762,2004.0,VCS985,0
2763,2005.0,VCS985,0
2764,2006.0,VCS985,0
2765,2007.0,VCS985,0
2766,2008.0,VCS985,0
2767,2009.0,VCS985,0
2768,2010.0,VCS985,0
2769,2011.0,VCS985,0
2770,2012.0,VCS985,1263650
2771,2013.0,VCS985,53302
2772,2014.0,VCS985,244485
2773,2015.0,VCS985,1225412
2774,2016.0,VCS985,3409604
2775,2017.0,VCS985,3929196
2776,2018.0,VCS985,6361030
2777,2019.0,VCS985,4737495
2778,2020.0,VCS985,4739179
2779,2021.0,VCS985,0
2780,2022.0,VCS985,0
2781,1996.0,VCS986,0
2782,1997.0,VCS986,0
2783,1998.0,VCS986,0
2784,1999.0,VCS986,0
2785,2000.0,VCS986,0
2786,2001.0,VCS986,0
2787,2002.0,VCS986,0
2788,2003.0,VCS986,0
2789,2004.0,VCS986,0
2790,2005.0,VCS986,0
2791,2006.0,VCS986,0
2792,2007.0,VCS986,0
2793,2008.0,VCS986,0
2794,2009.0,VCS986,0
2795,2010.0,VCS986,0
2796,2011.0,VCS986,0
2797,2012.0,VCS986,0
2798,2013.0,VCS986,0
2799,2014.0,VCS986,0
2800,2015.0,VCS986,0
2801,2016.0,VCS986,25260
2802,2017.0,VCS986,32519
2803,2018.0,VCS986,29746
2804,2019.0,VCS986,48260
2805,2020.0,VCS986,42055
2806,2021.0,VCS986,3245
2807,2022.0,VCS986,0
